type,id,lat,lon,tags_amenity,tags_cuisine,tags_name,tags_source,tags_addr:city,tags_addr:street,tags_internet_access,tags_opening_hours,tags_phone,tags_smoking,tags_wheelchair,tags_name:en,tags_operator,tags_addr:postcode,tags_addr:housenumber,tags_name:ne,nodes,tags_building,tags_atm,tags_sorey,tags_addr:housename,tags_email,tags_service:type,tags_contact:phone,tags_contact:email,tags_office,tags_social_facility,tags_nrb_class,tags_website,tags_roof:material,tags_roof:shape,tags_healthcare,tags_addr:hamlet,tags_operator:type,tags_fixme,tags_addr:municipality,tags_addr:province,tags_note,tags_building:levels,tags_CONS_TYPE,tags_building:use,tags_green_roof,tags_building_count,tags_isced:level,tags_personnel:count,tags_student:count,tags_oid,tags_barrier,tags_government,tags_school,tags_boundary,tags_operator:en,tags_operator:ne,tags_operator:wikidata,tags_landuse,tags_layer,tags_emergency,tags_wikidata,tags_building:part,tags_dispensing,tags_shop,tags_addr:house,tags_capacity,tags_access,tags_parking,tags_covered,tags_fee,tags_supervised,tags_surface,tags_description,tags_delivery,tags_drive_through
node,1398437051,27.6687379,85.5381527,cafe,regional;noodles;snacks;teahouse,Teahouse,Garmin Orgeon 450 GPS,,,,,,,,,,,,,,,,,,,,,,,,,,,,,,,,,,,,,,,,,,,,,,,,,,,,,,,,,,,,,,,,,,,,
node,1769321635,27.6301796,85.5241651,cafe,,New Bhomi Cafe,,,,,,,,,,,,,,,,,,,,,,,,,,,,,,,,,,,,,,,,,,,,,,,,,,,,,,,,,,,,,,,,,,,,,
node,1819665900,27.6184434,85.5383435,cafe,,KU Fast Food Cafe,,,,,,,,,,,,,,,,,,,,,,,,,,,,,,,,,,,,,,,,,,,,,,,,,,,,,,,,,,,,,,,,,,,,,
node,3986718694,27.6326628,85.5178361,cafe,ice_cream,Everest ice cream,,Banepa Municipality,Aananda M.,wlan,09:00-20:00,+9779841561750,separated,,,,,,,,,,,,,,,,,,,,,,,,,,,,,,,,,,,,,,,,,,,,,,,,,,,,,,,,,,,,,,
node,4327779391,27.6219014,85.5385825,cafe,,Durga cafe,,,,,,,,no,,,,,,,,,,,,,,,,,,,,,,,,,,,,,,,,,,,,,,,,,,,,,,,,,,,,,,,,,,,,,
node,4327821992,27.6217376,85.538214,cafe,,Junction cafe,,,KU road,,,,,,,,,,,,,,,,,,,,,,,,,,,,,,,,,,,,,,,,,,,,,,,,,,,,,,,,,,,,,,,,,,
node,4343916494,27.6171973,85.5371807,cafe,,Downtown Cafe,,,KUBH Road,,,,,,,,,,,,,,,,,,,,,,,,,,,,,,,,,,,,,,,,,,,,,,,,,,,,,,,,,,,,,,,,,,
node,9689666322,27.6211704,85.5384477,cafe,,Hunger kills,,,,,,,,,,,,,,,,,,,,,,,,,,,,,,,,,,,,,,,,,,,,,,,,,,,,,,,,,,,,,,,,,,,,,
node,9689666332,27.6209173,85.538327,cafe,,Manakamana,,,,,7:00-8:00,,,,,,,,,,,,,,,,,,,,,,,,,,,,,,,,,,,,,,,,,,,,,,,,,,,,,,,,,,,,,,,,
node,10220038288,27.6286846,85.5305535,cafe,,Aayushma Khaja Ghar,,,Budol,,,,,,,,,,,,,,,,,,,,,,,,,,,,,,,,,,,,,,,,,,,,,,,,,,,,,,,,,,,,,,,,,,
node,10220038290,27.6292117,85.5336369,cafe,,Prakriti Hotel,,,Budol,,,,,,,,,,,,,,,,,,,,,,,,,,,,,,,,,,,,,,,,,,,,,,,,,,,,,,,,,,,,,,,,,,
node,10220038291,27.6255005,85.5409767,cafe,,Subharambha Khaja Ghar,,,28 kilo,,,9823141718,,,,,,,,,,,,,,,,,,,,,,,,,,,,,,,,,,,,,,,,,,,,,,,,,,,,,,,,,,,,,,,
node,10220038292,27.6572747,85.5001432,cafe,,Thakali Restaurant And Bar,,,Tukucha,,,,,,,,,,थकाली रेस्टुरेन्ट एण्ड बार,,,,,,,,,,,,,,,,,,,,,,,,,,,,,,,,,,,,,,,,,,,,,,,,,,,,,,,,
node,10220038293,27.6552346,85.5054227,cafe,,Kritika Khaja Ghar,,,Karunamaya road,,,9841962190,,,,,,,,,,,,,,,,,,,,,,,,,,,,,,,,,,,,,,,,,,,,,,,,,,,,,,,,,,,,,,,
node,10220038294,27.6544353,85.5064483,cafe,,Newark Khaja Ghar,,,Ugrachandi,,,"9849317614, 9862568190",,,,,,,,,,,,,,,,,,,,,,,,,,,,,,,,,,,,,,,,,,,,,,,,,,,,,,,,,,,,,,,
node,10220038295,27.6544074,85.5064092,cafe,,Soni Khaja Ghar,,,Ugrachandi,,,,,,,,,,,,,,,,,,,,,,,,,,,,,,,,,,,,,,,,,,,,,,,,,,,,,,,,,,,,,,,,,,
node,10220038296,27.6543216,85.5064523,cafe,,Ugrachandi Khaja Ghar,,,Ugrachandi,,,,,,,,,,,,,,,,,,,,,,,,,,,,,,,,,,,,,,,,,,,,,,,,,,,,,,,,,,,,,,,,,,
node,10220038297,27.6539983,85.50773,cafe,,Samridhhi Khaja Ghar,,,,,,9869654475,,,,,,,,,,,,,,,,,,,,,,,,,,,,,,,,,,,,,,,,,,,,,,,,,,,,,,,,,,,,,,,
node,10220038298,27.6663953,85.5086445,cafe,,Bhai Ko Khaja Ghar,,,Nala,,,,,,,,,,,,,,,,,,,,,,,,,,,,,,,,,,,,,,,,,,,,,,,,,,,,,,,,,,,,,,,,,,
node,10220038299,27.6242247,85.5234189,cafe,,Musa Halal Food Restaurant,,,Dhaneshwor,,,,,,,,,,,,,,,,,,,,,,,,,,,,,,,,,,,,,,,,,,,,,,,,,,,,,,,,,,,,,,,,,,
node,10220038300,27.6361503,85.4876345,cafe,,Ugrachandi Vojanalaya And Khaja Ghar,,,Bhaisipati,,,9803440651,,,,,,,उग्रचण्डी भोजनालय एण्ड खाजा घर,,,,,,,,,,,,,,,,,,,,,,,,,,,,,,,,,,,,,,,,,,,,,,,,,,,,,,,,
node,10220038301,27.6326072,85.4938255,cafe,,Sindupalchowk Sekuwa Corner,,,Bhaisipati,,,,,,,,,,,,,,,,,,,,,,,,,,,,,,,,,,,,,,,,,,,,,,,,,,,,,,,,,,,,,,,,,,
node,10220038302,27.6324587,85.5026539,cafe,,New Mama'S Cafe,,,Janagal,,,011662513,,,,,,,,,,,,,,,,,,,,,,,,,,,,,,,,,,,,,,,,,,,,,,,,,,,,,,,,,,,,,,,
node,10220038303,27.6322601,85.5138435,cafe,,Tiktok Lama Hotel And Fast Food,,,Pulbazar,,,,,,,,,,Tiktok लामा होटल एण्ड फास्ट फुड,,,,,,,,,,,,,,,,,,,,,,,,,,,,,,,,,,,,,,,,,,,,,,,,,,,,,,,,
node,10220038304,27.6319515,85.5185994,cafe,,Famous Street Food And Tapari Mo:Mo,,,Tindobato,,,,,,,,,,,,,,,,,,,,,,,,,,,,,,,,,,,,,,,,,,,,,,,,,,,,,,,,,,,,,,,,,,
node,10220038305,27.6303662,85.5210192,cafe,,Vip Thakali Restaurant,,,Buspark,,,011691126,,,,,,,,,,,,,,,,,,,,,,,,,,,,,,,,,,,,,,,,,,,,,,,,,,,,,,,,,,,,,,,
node,10220038306,27.6316324,85.5186344,cafe,,Gautam Mithai Vandar,,,Tindobato,,,011663785,,,,,,,गाैतम मिठाई भण्डार,,,,,,,,,,,,,,,,,,,,,,,,,,,,,,,,,,,,,,,,,,,,,,,,,,,,,,,,
node,10220038307,27.6320738,85.5157443,cafe,,Highway Newari Khaja Ghar,,,Pulbazar,,,9841658738,,,,,,,,,,,,,,,,,,,,,,,,,,,,,,,,,,,,,,,,,,,,,,,,,,,,,,,,,,,,,,,
node,10220038308,27.6318317,85.5151459,cafe,,Underground Vojanalaya And Khaja Ghar,,,Pulbazar,,,,,,,,,,,,,,,,,,,,,,,,,,,,,,,,,,,,,,,,,,,,,,,,,,,,,,,,,,,,,,,,,,
node,10220038309,27.6317357,85.5157151,cafe,,Krishna Newari Khaja Ghar,,,Pulbazar,,,9840207820,,,,,,,कृष्ण नेवारी खाजा घर,,,,,,,,,,,,,,,,,,,,,,,,,,,,,,,,,,,,,,,,,,,,,,,,,,,,,,,,
node,10220038310,27.6317173,85.5157537,cafe,,Ugrachandi Vojanalaya And Khaja Ghar,,,Pulbazar,,,,,,,,,,उग्रचण्डी भोजनालय एण्ड खाजा घर,,,,,,,,,,,,,,,,,,,,,,,,,,,,,,,,,,,,,,,,,,,,,,,,,,,,,,,,
node,10220038311,27.6305854,85.5181027,cafe,,Gautam Fast Food And Cafe,,,Sinagal,,,,,,,,,,,,,,,,,,,,,,,,,,,,,,,,,,,,,,,,,,,,,,,,,,,,,,,,,,,,,,,,,,
node,10220038312,27.630753,85.5215062,cafe,,Unique Food Cafe,,,Chadani chowk,,,,,,,,,,,,,,,,,,,,,,,,,,,,,,,,,,,,,,,,,,,,,,,,,,,,,,,,,,,,,,,,,,
node,10220038313,27.6324682,85.5148553,cafe,,Daju Bhai Khaja Ghar,,,Pulbazar,,,,,,,,,,दाजू भाई खाजा एण्ड खाना घर,,,,,,,,,,,,,,,,,,,,,,,,,,,,,,,,,,,,,,,,,,,,,,,,,,,,,,,,
node,10220038314,27.6414932,85.514773,cafe,,Home Town Cafe,,,Karuna Marga,,,9823616923,,,,,,,,,,,,,,,,,,,,,,,,,,,,,,,,,,,,,,,,,,,,,,,,,,,,,,,,,,,,,,,
node,10220038315,27.6419356,85.4772354,cafe,,Burger House,,,Sangha,,Mo-Su 10:00-22:00,,,,,,,,,,,,,,,,,,,,,,,,,,,,,,,,,,,,,,,,,,,,,,,,,,,,,,,,,,,,,,,,
node,10220038316,27.6277848,85.532528,cafe,,The Airport Sekuwa Corner,,,"Budol,Banepa",,Mo-Su 10:00-21:00,9841103010,,,,,,,,,,,,,,,,,,,,,,,,,,,,,,,,,,,,,,,,,,,,,,,,,,,,,,,,,,,,,,,
node,10220062517,27.6418086,85.4776833,cafe,,Jay Bhojanalaya Tatha Khaja Ghar,,,Sanga,,Mo-Su 10:00-20:00,,,,,,,,,,,,,,,,,,,,,,,,,,,,,,,,,,,,,,,,,,,,,,,,,,,,,,,,,,,,,,,,
node,10220062518,27.6572634,85.4998521,cafe,,Samirani Khaja Ghar,,,Nala,,Mo-Su 10:00-19:00,,,,,,,,,,,,,,,,,,,,,,,,,,,,,,,,,,,,,,,,,,,,,,,,,,,,,,,,,,,,,,,,
node,10220062519,27.6619861,85.4936701,cafe,,Nirvana Cafe,,,Nala,,Mo-Su 10:00-19:00,,,,,,,,,,,,,,,,,,,,,,,,,,,,,,,,,,,,,,,,,,,,,,,,,,,,,,,,,,,,,,,,
node,10220062521,27.6573391,85.5021303,cafe,,Ugrachandi Sekuwa Corner And Cafe Shop,,,Nala,,Mo-Su 09:00-19:00,9818898143,,,,,,,,,,,,,,,,,,,,,,,,,,,,,,,,,,,,,,,,,,,,,,,,,,,,,,,,,,,,,,,
node,10220062522,27.6282508,85.5310831,cafe,,Hexa Restaurant,,,Budol,,Mo-Su 08:00-20:00,,,,,,,,,,,,,,,,,,,,,,,,,,,,,,,,,,,,,,,,,,,,,,,,,,,,,,,,,,,,,,,,
node,10220062523,27.6647606,85.5074737,cafe,,Nala Village Resort,,,Dandamukh,,Mo-Su 08:00-20:00,612491861,,,,,,,,,,,,,,,,,,,,,,,,,,,,,,,,,,,,,,,,,,,,,,,,,,,,,,,,,,,,,,,
node,10220062524,27.6417396,85.4771078,cafe,,Sanga Height Restaurant,,,,,Mo-Su 08:00-20:00,9841430356,,,,,,,,,,,,,,,,,,,,,,,,,,,,,,,,,,,,,,,,,,,,,,,,,,,,,,,,,,,,,,,
node,10220062525,27.6278272,85.5332573,cafe,,Newari Chulo,,,Budol,,Mo-Su 08:00-19:00,9818975462,,,,,,,,,,,,,,,,,,,,,,,,,,,,,,,,,,,,,,,,,,,,,,,,,,,,,,,,,,,,,,,
node,10220062526,27.6277596,85.5334194,cafe,,Dapchali Bhojanalaya And Khaja Ghar,,,Budol,,Mo-Su 07:00-22:00,9813791845,,,,,,,,,,,,,,,,,,,,,,,,,,,,,,,,,,,,,,,,,,,,,,,,,,,,,,,,,,,,,,,
node,10220062527,27.6280787,85.5322971,cafe,,Maila Khaja Ghar,,,Budol,,Mo-Su 07:00-20:00,,,,,,,,,,,,,,,,,,,,,,,,,,,,,,,,,,,,,,,,,,,,,,,,,,,,,,,,,,,,,,,,
node,10220062528,27.6279898,85.5324976,cafe,,Staff Bhojnalaya,,,"Budol,banepa",,Mo-Su 07:00-20:00,,,,,,,,,,,,,,,,,,,,,,,,,,,,,,,,,,,,,,,,,,,,,,,,,,,,,,,,,,,,,,,,
node,10220062529,27.6280801,85.5321566,cafe,,Budol Khaja Ghar,,,"Budol,banepa",,Mo-Su 07:00-20:00,9841496727,,,,,,,,,,,,,,,,,,,,,,,,,,,,,,,,,,,,,,,,,,,,,,,,,,,,,,,,,,,,,,,
node,10220062530,27.6246395,85.5411141,cafe,,Kafle Sweet,,,28 kilo,,Mo-Su 07:00-20:00,9840711661,,,,,,,,,,,,,,,,,,,,,,,,,,,,,,,,,,,,,,,,,,,,,,,,,,,,,,,,,,,,,,,
node,10220062531,27.6277561,85.5339463,cafe,,Chandeshowri Rampure Bhojanalaya,,,Budol,,Mo-Su 07:00-19:00,9888006300,,,,,,,,,,,,,,,,,,,,,,,,,,,,,,,,,,,,,,,,,,,,,,,,,,,,,,,,,,,,,,,
node,2282684337,27.6215328,85.5412305,fast_food,,Junction cafe,,,,,,,,,,,,,,,,,,,,,,,,,,,,,,,,,,,,,,,,,,,,,,,,,,,,,,,,,,,,,,,,,,,,,
node,6518238788,27.6207985,85.5381316,fast_food,,Junu Bhojanalaya,,,,,,,,,,,,,,,,,,,,,,,,,,,,,,,,,,,,,,,,,,,,,,,,,,,,,,,,,,,,,,,,,,,,,
node,9689666329,27.6209839,85.5383284,fast_food,,Manjil,,,,,,,,,,,,,,,,,,,,,,,,,,,,,,,,,,,,,,,,,,,,,,,,,,,,,,,,,,,,,,,,,,,,,
node,1764833248,27.6316877,85.5175643,bank,,ICFC,,,,,,,,,,,,,,,,no,,,,,,,,,,,,,,,,,,,,,,,,,,,,,,,,,,,,,,,,,,,,,,,,,,,,,
node,1767319469,27.6305229,85.5213599,bank,,Civil Development Bank,,,,,,,,,,,,,,,,yes,,,,,,,,,,,,,,,,,,,,,,,,,,,,,,,,,,,,,,,,,,,,,,,,,,,,,
node,1767319474,27.6314161,85.5188994,bank,,Annapurna Bkas Bank,,,,,,,,,,,,,,,,,,,,,,,,,,,,,,,,,,,,,,,,,,,,,,,,,,,,,,,,,,,,,,,,,,,,,
node,1833834650,27.6297236,85.5219071,bank,,Nic Asia Bank,,,,,,,,,,,,,,,,yes,,,,,,,,,,,,,,,,,,,,,,,,,,,,,,,,,,,,,,,,,,,,,,,,,,,,,
node,1833834670,27.6308016,85.5197299,bank,,Corporate Development Bank,,,,,,,,,,,,,,,,,,,,,,,,,,,,,,,,,,,,,,,,,,,,,,,,,,,,,,,,,,,,,,,,,,,,,
node,1833834671,27.6297323,85.5263819,bank,,Country Development Bank,,,,,,,,,,,,,,,,,,,,,,,,,,,,,,,,,,,,,,,,,,,,,,,,,,,,,,,,,,,,,,,,,,,,,
node,1833834699,27.63041,85.5202691,bank,,Dibya Energy,,,,,,,,,,,,,,,,,,,,,,,,,,,,,,,,,,,,,,,,,,,,,,,,,,,,,,,,,,,,,,,,,,,,,
node,1833834809,27.6312333,85.5181541,bank,,IFD Bank,,,,,,,,,,,,,,,,,,,,,,,,,,,,,,,,,,,,,,,,,,,,,,,,,,,,,,,,,,,,,,,,,,,,,
node,1833834928,27.630147,85.5243376,bank,,Nepal Bank,,,,,,,,,,,,,,,,,,,,,,,,,,,,,,,,,,,,,,,,,,,,,,,,,,,,,,,,,,,,,,,,,,,,,
node,1833834947,27.6293529,85.5235723,bank,,Rastriya Banijiya Bank,,,,,,,,,,,,,,,,,,,,,,,,,,,,,,,,,,,,,,,,,,,,,,,,,,,,,,,,,,,,,,,,,,,,,
node,3079591727,27.6293192,85.5235719,bank,,Agriculture Development Bank,,,,,,,,,,,,,,,,,,,,,,,,,,,,,,,,,,,,,,,,,,,,,,,,,,,,,,,,,,,,,,,,,,,,,
node,3079591730,27.6292763,85.5235647,bank,,Himalayan Bank,,,,,,,,,,,,,,,,,,,,,,,,,,,,,,,,,,,,,,,,,,,,,,,,,,,,,,,,,,,,,,,,,,,,,
node,3079591731,27.6301997,85.5240844,bank,,Infrastructure Development Bank,,,,,,,,,,,,,,,,,,,,,,,,,,,,,,,,,,,,,,,,,,,,,,,,,,,,,,,,,,,,,,,,,,,,,
node,3156329574,27.6306041,85.5222878,bank,,Machhapuchhre Bank,,,,,,,,,,,,,,,,yes,,,,,,,,,,,,,,,,,,,,,,,,,,,,,,,,,,,,,,,,,,,,,,,,,,,,,
node,3156329575,27.6306389,85.5207085,bank,,Prabhu Bank,,,,,,,,,,,,,,,,yes,3,,,,,,,,,,,,,,,,,,,,,,,,,,,,,,,,,,,,,,,,,,,,,,,,,,,,
node,3156343837,27.6299403,85.5254131,bank,,Supreme Development Bank,,,,,,,,,,,,,,,,,,,,,,,,,,,,,,,,,,,,,,,,,,,,,,,,,,,,,,,,,,,,,,,,,,,,,
node,3156343838,27.6299426,85.5254561,bank,,Bright Development Bank,,,,,,,,,,,,,,,,,,,,,,,,,,,,,,,,,,,,,,,,,,,,,,,,,,,,,,,,,,,,,,,,,,,,,
node,3560543993,27.622491,85.5520058,bank,,Rastraiya Banijya Bank,,,,,,,,,,,,,,,,,,,,,,,,,,,,,,,,,,,,,,,,,,,,,,,,,,,,,,,,,,,,,,,,,,,,,
node,5289234652,27.6174554,85.5389398,bank,,Nepal Investment Bank,,,,,,,,,,,,,,,,,,,,,,,,,,,,,,,,,,,,,,,,,,,,,,,,,,,,,,,,,,,,,,,,,,,,,
node,6517147943,27.6313391,85.5170394,bank,,NMB Bank,,"Banepa, Kavre",Araniko Highway,,,,,,,,,,,,,yes,,NMB Bank,,,,,,,,,,,,,,,,,,,,,,,,,,,,,,,,,,,,,,,,,,,,,,,,,,,
node,9557617019,27.6198733,85.5533722,bank,,Kumari Bank Limited,,,,,,,,,,,,,,,,,,,,,,,,,,,,,,,,,,,,,,,,,,,,,,,,,,,,,,,,,,,,,,,,,,,,,
node,9557617217,27.6296728,85.5265934,bank,,Prime Bank,,,,,,,,,,,,,,,,,,,,,,,,,,,,,,,,,,,,,,,,,,,,,,,,,,,,,,,,,,,,,,,,,,,,,
node,9557617317,27.6301562,85.524434,bank,,Nepal Bank Limited,,,,,,,,,,,,,,,,,,,,,,,,,,,,,,,,,,,,,,,,,,,,,,,,,,,,,,,,,,,,,,,,,,,,,
node,9960910712,27.6313495,85.5192304,bank,,Agriculture Development Bank,,,,,,,,,,,,,,,,yes,,,,,,,,,,,,,,,,,,,,,,,,,,,,,,,,,,,,,,,,,,,,,,,,,,,,,
node,9960910713,27.6313545,85.5192357,bank,,Hamalyan bank,,,,,,,,,,,,,,,,yes,,,,,,,,,,,,,,,,,,,,,,,,,,,,,,,,,,,,,,,,,,,,,,,,,,,,,
node,9960910714,27.6309591,85.5205143,bank,,Sanima Bank banepa branch,,,,,,,,,,,,,,,,yes,,,,,,,,,,,,,,,,,,,,,,,,,,,,,,,,,,,,,,,,,,,,,,,,,,,,,
node,9960916652,27.631089,85.5207451,bank,,kumari bank ltd banepa,,,,,,,,,,,,,,,,yes,,,,,,,,,,,,,,,,,,,,,,,,,,,,,,,,,,,,,,,,,,,,,,,,,,,,,
node,9960917444,27.6295426,85.5249736,bank,,Nepal Commercial Creadit,,,,,,,,,,,,,,,,yes,,,,,,,,,,,,,,,,,,,,,,,,,,,,,,,,,,,,,,,,,,,,,,,,,,,,,
node,9960926208,27.6309434,85.5210362,bank,,NIC asia,,,,,,,,,,,,,,,,yes,,,,,,,,,,,,,,,,,,,,,,,,,,,,,,,,,,,,,,,,,,,,,,,,,,,,,
node,9960926869,27.6296602,85.525091,bank,,ncc bank,,,,,,,,,,,,,,,,,,,,,,,,food_bank,,,,,,,,,,,,,,,,,,,,,,,,,,,,,,,,,,,,,,,,,,,,,
node,9960933596,27.6312334,85.5191486,bank,,himalayan bank limited,,,,,,,,,,,,,,,,yes,,,,,,,,,,,,,,,,,,,,,,,,,,,,,,,,,,,,,,,,,,,,,,,,,,,,,
node,9960933599,27.6305805,85.522278,bank,,machhapuchhre bank,,,,,,,,,,,,,,,,yes,,,,,,,,,,,,,,,,,,,,,,,,,,,,,,,,,,,,,,,,,,,,,,,,,,,,,
node,9960940217,27.6309102,85.5207163,bank,,kumari bank banepa branch,,,,,,,,,,,,,,,,yes,,,,,,,,,,,,,,,,,,,,,,,,,,,,,,,,,,,,,,,,,,,,,,,,,,,,,
node,9960940218,27.6308531,85.5210167,bank,,nic bank banepa branch,,,,,,,,,,,,,,,,yes,,,,,,,,,,,,,,,,,,,,,,,,,,,,,,,,,,,,,,,,,,,,,,,,,,,,,
node,10029638432,27.6270693,85.5250606,bank,,Shree Thanapati Saving & Credit Co-Operative Ltd,,,Godam chowk,,,,,,,,,,,,,,,,,,,,,,co-operative,,,,,,,,,,,,,,,,,,,,,,,,,,,,,,,,,,,,,,,,,,,,
node,10230034994,27.6552354,85.5052898,bank,,Punyamati Nari Chetana Sipmulak Sahakari,,,Nala,,,,,,,,,,पुन्यमती नारी चेतना सिपमुलक सहकारी संस्था लिमिटेड,,,,,,,,,,,,co-operative,,,,,,,,,,,,,,,,,,,,,,,,,,,,,,,,,,,,,,,,,,,,
node,10230034995,27.657118,85.5177557,bank,,Panchashil Saving And Credit Co-Operative Ltd.,,,Sera,,,,,,,,,,,,,,,,,,,,,,co-operative,,,,,,,,,,,,,,,,,,,,,,,,,,,,,,,,,,,,,,,,,,,,
node,10230034996,27.6577112,85.5167328,bank,,Women Entrepreneur Consumer Co- Operative Society Ltd. (Weccsl),,,,,,"01-4104136, 9841311784",,,,,,,,,,,,,,,,,,,co-operative,,,,,,,,,,,,,,,,,,,,,,,,,,,,,,,,,,,,,,,,,,,,
node,10230034997,27.6577035,85.5166604,bank,,Nari Jagaran Saving And Credit Co-Operative Ltd.,,,Sera,,,011-411188,,,,,,,,,,,,,,,,,,,co-operative,,,,,,,,,,,,,,,,,,,,,,,,,,,,,,,,,,,,,,,,,,,,
node,10230034998,27.6536209,85.5112865,bank,,Hamro Sewa Saving And Credit Co-Operative Ltd.,,,Ugrachandi,,,011-411232,,,,,,,,,,,,,,,,,,,co-operative,,,,,,,,,,,,,,,,,,,,,,,,,,,,,,,,,,,,,,,,,,,,
node,10230034999,27.6537845,85.5112843,bank,,Shree Ugrachandi Mahila Vikash Bahuudeshiya Sahakari Sanstha Limited,,,Ugrachandi,,,,,,,,,,,,,,,,,,,,,,co-operative,,,,,,,,,,,,,,,,,,,,,,,,,,,,,,,,,,,,,,,,,,,,
node,10230035000,27.6564815,85.5029148,bank,,Shree Aakasdevi Agriculture Co-Operative Ltd.,,,,,,"9841808872, 9851282806, 9803299738",,,,,,,,,,,,,,,,,,,co-operative,,,,,,,,,,,,,,,,,,,,,,,,,,,,,,,,,,,,,,,,,,,,
node,10230035001,27.6539218,85.5079215,bank,,Sarbotthan Saving And Credit Co-Operative Ltd.,,,Mechhen Tole,,,"011-411121, 011-682462",,,,,,,,,,,,,,,,,,,co-operative,,,,,,,,,,,,,,,,,,,,,,,,,,,,,,,,,,,,,,,,,,,,
node,10230035002,27.6530696,85.5102019,bank,,Ugrachandi Saving And Credit Co-Operative Ltd.,,,Ugrachandi,,,011-411193,,,,,,,,,,,,,,,,,,,co-operative,,,,,,,,,,,,,,,,,,,,,,,,,,,,,,,,,,,,,,,,,,,,
node,10230035003,27.6158844,85.4930974,bank,,Shree Bandebi Mahila Krisi Sahakari Sanstha,,,Bashdol,,,,,,,,,,,,,,,,,,,,,,co-operative,,,,,,,,,,,,,,,,,,,,,,,,,,,,,,,,,,,,,,,,,,,,
node,10230035004,27.6568344,85.5022467,bank,,Janasakti Jadibutti Sahakari Sanstha Limited,,,Nala,,,9741018820,,,,,,,,,,,,,,,,,,,co-operative,,,,,,,,,,,,,,,,,,,,,,,,,,,,,,,,,,,,,,,,,,,,
node,10230035005,27.6552342,85.5051722,bank,,Budol Samudyik Savings And Credit Co-Operative Ltd,,,Nala,,,11411192,,,,,,,,,,,,,,,,,,,co-operative,,,,,,,,,,,,,,,,,,,,,,,,,,,,,,,,,,,,,,,,,,,,
node,10230035006,27.6582569,85.5162772,bank,,Chandeshwori Saving And Credit Cooperative Ltd,,,Shera,,,11662914,,,,,,,,,,,,,,,,,,,co-operative,,,,,,,,,,,,,,,,,,,,,,,,,,,,,,,,,,,,,,,,,,,,
node,10230035007,27.6536,85.5109933,bank,,Hamro Sewa Saving And Credit Cooperative,,,Nala,,,114111232,,,,,,,,,,,,,,,,,,,co-operative,,,,,,,,,,,,,,,,,,,,,,,,,,,,,,,,,,,,,,,,,,,,
node,10230035008,27.6533827,85.5087618,bank,,Progressive Finance Limited,,,Nala,,,,,,,,,,,,,,,,nala@pfltd.com.np,,,,,,finance,,,,,,,,,,,,,,,,,,,,,,,,,,,,,,,,,,,,,,,,,,,,
node,10230035009,27.6402042,85.4810808,bank,,Samudayik Lagubitta Bitiya Sanstha Limited,,,Sanga,,,11662251,,,,,,,,,,,,,,,,,,,finance,,,,,,,,,,,,,,,,,,,,,,,,,,,,,,,,,,,,,,,,,,,,
node,10230035010,27.6407,85.4801487,bank,,Shree Bhanjyang Multipurpose Co-Operative Society Ltd,,,Sanga,,,,,,,,,,,,,,,,,,,,,,co-operative,,,,,,,,,,,,,,,,,,,,,,,,,,,,,,,,,,,,,,,,,,,,
node,10230035011,27.6319323,85.494616,bank,,Basdol Saving And Credit Cooperative Ltd,,,Bhaisipati,,,,,,,,,,,,,,,,,,,,,,co-operative,,,,,,,,,,,,,,,,,,,,,,,,,,,,,,,,,,,,,,,,,,,,
node,10230035012,27.6318655,85.4947336,bank,,Wean Nepal Laghubitta,,,Bhaisipati,,,,,,,,,,विन नेपाल लघुवित्त वितिए संस्था,,,,,,,,,,,,microfinance,,,,,,,,,,,,,,,,,,,,,,,,,,,,,,,,,,,,,,,,,,,,
node,10230035013,27.6325613,85.5100272,bank,,Sewanung Sacoos,,,Pulbazar,,,11661433,,,,,,,सेवानुङ साकोस,,,,,,,,,,,,co-operative,,,,,,,,,,,,,,,,,,,,,,,,,,,,,,,,,,,,,,,,,,,,
node,10230035014,27.6325124,85.5113922,bank,,Aarambha Chautari Laghubitta,,,Pulbazar,,,,,,,,,,,,,,,,,,,,,,microfinance,,,,,,,,,,,,,,,,,,,,,,,,,,,,,,,,,,,,,,,,,,,,
node,10230035015,27.6319901,85.5130742,bank,,Progressive Finance Limited,,,Pulbazar,,,11660132,,,,,,,,,,,,,,,,,,,finance,,,,,,,,,,,,,,,,,,,,,,,,,,,,,,,,,,,,,,,,,,,,
node,10230035016,27.6320192,85.5131345,bank,,Siddhadevi Saving And Credit Cooperative,,,Pulbazar,,,,,,,,,,सिद्धदेवी बचत तथा ऋण सहकारी संस्था लिमिटेड,,,,,,,,,,,,co-operative,,,,,,,,,,,,,,,,,,,,,,,,,,,,,,,,,,,,,,,,,,,,
node,10230035017,27.6322042,85.5131607,bank,,Swornim Saving And Credit Cooperative,,,Pulbazar,,,,,,,,,,,,,,,,,,,,,,co-operative,,,,,,,,,,,,,,,,,,,,,,,,,,,,,,,,,,,,,,,,,,,,
node,10230035018,27.6324864,85.5132159,bank,,Rupantaran Saving And Credit Cooperative,,,Pulbazar,,,,,,,,,,,,,,,,,,,,,,co-operative,,,,,,,,,,,,,,,,,,,,,,,,,,,,,,,,,,,,,,,,,,,,
node,10230035019,27.6219835,85.5239133,bank,,Shree Sweet Ganesh Saving And Credit Co-Operative Ltd.,,,Dhaneshwor,,,011-665491,,,,,,,,,,,,,shreeswetganesh2022@gmail.com,,,,,,co-operative,,,,,,,,,,,,,,,,,,,,,,,,,,,,,,,,,,,,,,,,,,,,
node,10230035020,27.6255536,85.5159514,bank,,Shree Sinagal Community Saving And Credit Co-Operative Ltd.,,,Sinagal,,,011-660273,,,,,,,,,,,,,sinagalsamudaya@gmail.com,,,,,,co-operative,,,,,,,,,,,,,,,,,,,,,,,,,,,,,,,,,,,,,,,,,,,,
node,10230035021,27.6229791,85.5238489,bank,,Shree Arniko Namuna Saving And Credit Co-Operative Ltd.,,,Dhaneshwor,,,011-663976,,,,,,,,,,,,,,,,,,,co-operative,,,,,,,,,,,,,,,,,,,,,,,,,,,,,,,,,,,,,,,,,,,,
node,10230035022,27.6409693,85.4803685,bank,,Ganapati Laghubitta Bittiya Sanstha Limited,,,Sanga,,,011-662379,,,,,,,,,,,,,,,,,,,microfinance,www.ganapatimicro.com.np,,,,,,,,,,,,,,,,,,,,,,,,,,,,,,,,,,,,,,,,,,,
node,10230035023,27.640971,85.4802504,bank,,Mahila Laghubitta Bittiya Sanstha Limited,,,Sanga,,,,,,,,,,,,,,,,,,,,,,co-operative,,,,,,,,,,,,,,,,,,,,,,,,,,,,,,,,,,,,,,,,,,,,
node,10230035024,27.6409383,85.4801717,bank,,Surodaya Womi Laghubitta Bittiya Sanstha Limited,,,Sanga,,,011-662275,,,,,,,,,,,,,,,,,,,co-operative,,,,,,,,,,,,,,,,,,,,,,,,,,,,,,,,,,,,,,,,,,,,
node,10230035025,27.6409173,85.4801697,bank,,Century Bank,,,Sanga,,,,,,,,,,,,,,,,,,,,,,,,,,,,,,,,,,,,,,,,,,,,,,,,,,,,,,,,,,,,,,,,,,
node,10230035026,27.6418504,85.4802045,bank,,Rasteo Utthan Laghubitta Bittiya Sanstha Ltd.,,,Sanga,,,011-660073,,,,,,,,,,,,,,,,,,,microfinance,www.rulbsl.com.np,,,,,,,,,,,,,,,,,,,,,,,,,,,,,,,,,,,,,,,,,,,
node,10230035027,27.6414216,85.4805888,bank,,Sadhajyoti Saving And Credit Co-Operative Ltd.,,,Sanga,,,,,,,,,,,,,,,,,,,,,,co-operative,,,,,,,,,,,,,,,,,,,,,,,,,,,,,,,,,,,,,,,,,,,,
node,10230035028,27.6370203,85.5137176,bank,,Shakti Saving And Credit Co-Operative Ltd.,,,,,,011-662833,,,,,,,,,,,,,,,,,,,co-operative,,,,,,,,,,,,,,,,,,,,,,,,,,,,,,,,,,,,,,,,,,,,
node,10230035029,27.6308769,85.5200257,bank,,Saatthi Saving And Credit Co-Operative Ltd.,,,,,,011-661248,,,,,,,,,,,,,,,,,,,co-operative,,,,,,,,,,,,,,,,,,,,,,,,,,,,,,,,,,,,,,,,,,,,
node,10230035030,27.6308635,85.5197094,bank,,Banepa Saving And Credit Co-Operative Ltd.,,,,,,"011-660462, 691351",,,,,,,,,,,,,,,,,,,co-operative,,,,,,,,,,,,,,,,,,,,,,,,,,,,,,,,,,,,,,,,,,,,
node,10230035031,27.6308849,85.5196356,bank,,Hamro Sagarmatha Multipurpose Co-Operative Ltd.,,,,,,01-2180200,,,,,,,,,,,,,,,,,,,co-operative,,,,,,,,,,,,,,,,,,,,,,,,,,,,,,,,,,,,,,,,,,,,
node,10230035032,27.6309974,85.5195119,bank,,Our Standard Saving And Credit Co-Operative Ltd.,,,,,,011-664415,,,,,,,,,,,,,,,,,,,co-operative,,,,,,,,,,,,,,,,,,,,,,,,,,,,,,,,,,,,,,,,,,,,
node,10230035033,27.6309414,85.5194222,bank,,Sakriya Saving And Credit Co-Operative Ltd.,,,,,,011-663388,,,,,,,,,,,,,,,,,,,co-operative,,,,,,,,,,,,,,,,,,,,,,,,,,,,,,,,,,,,,,,,,,,,
node,10230035034,27.6320093,85.5182643,bank,,Anglo Saving And Credit Co-Operative Ltd.,,,,,,011-660149,,,,,,,,,,,,,,,,,,,co-operative,,,,,,,,,,,,,,,,,,,,,,,,,,,,,,,,,,,,,,,,,,,,
node,10230035035,27.63153,85.5178033,bank,,Aadhrasha Aarthik Vikash Saving And Credit Co-Operative Ltd.,,,,,,011-661076,,,,,,,,,,,,,,,,,,,co-operative,,,,,,,,,,,,,,,,,,,,,,,,,,,,,,,,,,,,,,,,,,,,
node,10230035036,27.6318175,85.5167429,bank,,Shree Sambriddhi Jana Utthan Saving And Credit Co-Operative Ltd.,,,Pulbazzar,,,011-665324,,,,,,,,,,,,,,,,,,,co-operative,,,,,,,,,,,,,,,,,,,,,,,,,,,,,,,,,,,,,,,,,,,,
node,10230035037,27.6322165,85.5157061,bank,,Sanchit Saving And Credit Co-Operative Society Ltd.,,,Pulbazar,,,011-662403,,,,,,,,,,,,,,,,,,,co-operative,,,,,,,,,,,,,,,,,,,,,,,,,,,,,,,,,,,,,,,,,,,,
node,10230035038,27.6320991,85.5155365,bank,,Indreni Saving And Credit Co-Operative Ltd,,,,,,011-66505,,,,,,,,,,,,,,,,,,,co-operative,,,,,,,,,,,,,,,,,,,,,,,,,,,,,,,,,,,,,,,,,,,,
node,10230035039,27.6309394,85.5191365,bank,,Himalayan Bank Ltd,,,,,,,,,,,,,,,,,,,,,,,,,development,,,,,,,,,,,,,,,,,,,,,,,,,,,,,,,,,,,,,,,,,,,,
node,10230035040,27.6308038,85.5179495,bank,,Karuna Saving And Credit Co-Operative Ltd.,,,,,,011-663655,,,,,,,,,,,,,,,,,,,co-operative,,,,,,,,,,,,,,,,,,,,,,,,,,,,,,,,,,,,,,,,,,,,
node,10230035041,27.6295724,85.5209079,bank,,Kriti Saving And Credit Co-Operative Ltd.,,,,,,011-661034,,,,,,,,,,,,,kritisaccos@gmail.com,,,,,,co-operative,,,,,,,,,,,,,,,,,,,,,,,,,,,,,,,,,,,,,,,,,,,,
node,10230035042,27.6306823,85.521207,bank,,Jhigu Sahayogi Saving And Credit Co-Operative Ltd.,,,,,,011-661325,,,,,,,,,,,,,,,,,,,co-operative,,,,,,,,,,,,,,,,,,,,,,,,,,,,,,,,,,,,,,,,,,,,
node,10230035043,27.6309352,85.5204811,bank,,Samaya Saving And Credit Co-Operative Ltd,,,,,,01-663108,,,,,,,,,,,,,,,,,,,co-operative,,,,,,,,,,,,,,,,,,,,,,,,,,,,,,,,,,,,,,,,,,,,
node,10230035044,27.6333829,85.5217028,bank,,Shree Ganesh Saving And Credit Co-Operative Ltd.,,,,,,011-660469,,,,,,,,,,,,,,,,,,,co-operative,,,,,,,,,,,,,,,,,,,,,,,,,,,,,,,,,,,,,,,,,,,,
node,10230035045,27.6341166,85.5181927,bank,,Shiva Ananda Agriculture Co-Operative Ltd.,,,Karuna marga,,,011-663203,,,,,,,,,,,,,,,,,,,co-operative,,,,,,,,,,,,,,,,,,,,,,,,,,,,,,,,,,,,,,,,,,,,
node,10230035046,27.6336488,85.5183099,bank,,Lakhpati Saving And Credit Co-Operative Ltd.,,,Karuna marga,,,600954745,,,,,,,,,,,,,,,,,,,co-operative,,,,,,,,,,,,,,,,,,,,,,,,,,,,,,,,,,,,,,,,,,,,
node,10230035047,27.6301573,85.5233308,bank,,Garima Bikas Bank Limited,,,,,,,,,,,,,,,,,,,,,,,,,development,https://www.garimabank.com.np/,,,,,,,,,,,,,,,,,,,,,,,,,,,,,,,,,,,,,,,,,,,
node,10230035048,27.6303922,85.5223405,bank,,Shree Pashupati Saving And Credit Co-Operative Ltd.,,,,,,"011-663418, 6685847",,,,,,,,,,,,,,,,,,,co-operative,,,,,,,,,,,,,,,,,,,,,,,,,,,,,,,,,,,,,,,,,,,,
node,10230035049,27.6300271,85.5219669,bank,,Himgiri Saving And Credit Co-Operatives Ltd.,,,,,,011-665432,,,,,,,,,,,,,,,,,,,co-operative,,,,,,,,,,,,,,,,,,,,,,,,,,,,,,,,,,,,,,,,,,,,
node,10230035050,27.6295393,85.5218779,bank,,Aadarsha Saving And Credit Co-Ooerative Ltd.,,,,,,011-660113,,,,,,,,,,,,,,,,,,,co-operative,,,,,,,,,,,,,,,,,,,,,,,,,,,,,,,,,,,,,,,,,,,,
node,10230035051,27.6272015,85.5228519,bank,,Machapuchre Multipurpose Co-Coperative Sanstha Ltd.,,,Dhaneshwor Road,,,,,,,,,,,,,,,,,,,,,,co-operative,,,,,,,,,,,,,,,,,,,,,,,,,,,,,,,,,,,,,,,,,,,,
node,10230035052,27.6262991,85.522963,bank,,Shree Janaprabhat Multipurpose Co-Operative Society Limited,,,Dhaneshwor Road,,,011-663186,,,,,,,,,,,,,janaprabhat52@gmail.com,,,,,,co-operative,,,,,,,,,,,,,,,,,,,,,,,,,,,,,,,,,,,,,,,,,,,,
node,10230035053,27.6285867,85.5235575,bank,,Sahayogi Saving And Credit Co-Operative Ltd.,,,,,,011-660846,,,,,,,,,,,,,,,,,,,co-operative,,,,,,,,,,,,,,,,,,,,,,,,,,,,,,,,,,,,,,,,,,,,
node,10230035054,27.6293947,85.5237259,bank,,Shree Dapcha Janmukhi Bachat Tatha Rin Sahakari Sanstha Limited,,,,,,011-665004,,,,,,,,,,,,,,,,,,,co-operative,,,,,,,,,,,,,,,,,,,,,,,,,,,,,,,,,,,,,,,,,,,,
node,10230035055,27.629679,85.5242976,bank,,Lalima Bachat Tatha Rin Sahakari Sanstha Ltd.,,,,,,,,,,,,,,,,,,,,,,,,,co-operative,,,,,,,,,,,,,,,,,,,,,,,,,,,,,,,,,,,,,,,,,,,,
node,10230035056,27.6296995,85.5243679,bank,,Bagmati Province Federation Of Saving And Credit Co-Operative Union Ltd.,,,,,,011-665368,,,,,,,,,,,,,,,,,,,co-operative,,,,,,,,,,,,,,,,,,,,,,,,,,,,,,,,,,,,,,,,,,,,
node,10230035057,27.6408132,85.4801788,bank,,Vision Saving And Cooperative Ltd,,,Sanga,,,14431900,,,,,,,,,,,,,,,,,,,co-operative,,,,,,,,,,,,,,,,,,,,,,,,,,,,,,,,,,,,,,,,,,,,
node,10230035058,27.6415526,85.4801456,bank,,Aafnai Biswasilo Agriculture Cooperative,,,Saga,,,9841245002,,,,,,,,,,,,,,,,,,,co-operative,,,,,,,,,,,,,,,,,,,,,,,,,,,,,,,,,,,,,,,,,,,,
node,10230035059,27.6314994,85.4950165,bank,,Shree Yeti,,,Nasikasthan,,,,,,,,,,,,,,,,,,,,,,co-operative,,,,,,,,,,,,,,,,,,,,,,,,,,,,,,,,,,,,,,,,,,,,
node,10230035060,27.6291067,85.5275033,bank,,Expresssaving And Credit Co-Operatives Ltd.,,,,,,"011-660860, 6991119",,,,,,,,,,,,,expresssaccos@gmail.com,,,,,,co-operative,https://expresssaccos.coop.np/,,,,,,,,,,,,,,,,,,,,,,,,,,,,,,,,,,,,,,,,,,,
node,10230035061,27.6291176,85.5274809,bank,,Gramin Bikash Laghubitta Bitiya Sanstha Ltd.,,,,,,,,,,,,,,,,,,,,,,,,,microfinance,,,,,,,,,,,,,,,,,,,,,,,,,,,,,,,,,,,,,,,,,,,,
node,10230035062,27.6291011,85.5274743,bank,,Mukul Saving And Credit Co-Operative Ltd.,,,,,,011-661070,,,,,,,,,,,,,,,,,,,co-operative,,,,,,,,,,,,,,,,,,,,,,,,,,,,,,,,,,,,,,,,,,,,
node,10230035063,27.6291727,85.5281397,bank,,Ideal Bachat Tatha Rin Sahakari Sanstha Ltd.,,,,,,011-660105,,,,,,,,,,,,,,,,,,,co-operative,,,,,,,,,,,,,,,,,,,,,,,,,,,,,,,,,,,,,,,,,,,,
node,10230035064,27.6293174,85.5269713,bank,,Aashapuri Bachat Tatha Rin Sahakari Sanstha Ltd.,,,,,,,,,,,,,,,,,,,,,,,,,co-operative,,,,,,,,,,,,,,,,,,,,,,,,,,,,,,,,,,,,,,,,,,,,
node,10230035065,27.6295866,85.5257384,bank,,Radhakrishna Bachat Tatha Rin Sahakari Sanstha Ltd.,,,,,,011-664642,,,,,,,,,,,,,,,,,,,co-operative,,,,,,,,,,,,,,,,,,,,,,,,,,,,,,,,,,,,,,,,,,,,
node,10230035066,27.6301514,85.5243353,bank,,Draupada Saving And Credit Co-Operative Ltd.,,,,,,,,,,,,,,,,,,,,,,,,,co-operative,,,,,,,,,,,,,,,,,,,,,,,,,,,,,,,,,,,,,,,,,,,,
node,10230035067,27.6302338,85.5242108,bank,,New Vision Multipurpose And Co- Operatives,,,,,,,,,,,,,,,,,,,,,,,,,co-operative,,,,,,,,,,,,,,,,,,,,,,,,,,,,,,,,,,,,,,,,,,,,
node,10230035068,27.6303045,85.5241181,bank,,Muktinath Bikash Bank,,,,,,,,,,,,,,,,,,,,,,,,,development,,,,,,,,,,,,,,,,,,,,,,,,,,,,,,,,,,,,,,,,,,,,
node,10230035069,27.631072,85.5238916,bank,,Lumanti Multipurpose And Co-Operatives Ltd.,,,,,,011-661324,,,,,,,,,,,,,,,,,,,co-operative,,,,,,,,,,,,,,,,,,,,,,,,,,,,,,,,,,,,,,,,,,,,
node,10230035070,27.6323817,85.4963206,bank,,Manushi Lagubitta Bitiya Sanstha Limited,,,Bhaisipati,,,,,,,,,,,,,,,,,,,,,,microfinance,,,,,,,,,,,,,,,,,,,,,,,,,,,,,,,,,,,,,,,,,,,,
node,10230035071,27.6316192,85.5049441,bank,,Sidyeshwori Krishi Sahakari Sanstha Limited,,,Janagal,,,9869524336,,,,,,,,,,,,,,,,,,,co-operative,,,,,,,,,,,,,,,,,,,,,,,,,,,,,,,,,,,,,,,,,,,,
node,10230035072,27.6322596,85.5111268,bank,,Peoples Saving And Credit Co-Operative Ltd,,,Pulbazzar,,,,,,,,,,,,,,,,,,,,,,co-operative,,,,,,,,,,,,,,,,,,,,,,,,,,,,,,,,,,,,,,,,,,,,
node,10230035073,27.6319555,85.5133042,bank,,Gurkhas Finance Ltd.,,,Pulbazzar,,,11663295,,,,,,,,,,,,,,,,,,,finance,,,,,,,,,,,,,,,,,,,,,,,,,,,,,,,,,,,,,,,,,,,,
node,10230035075,27.6319714,85.5140983,bank,,Rudramakaya Savings And Credit Co-Operative Ltd,,,Pulbazzar,,,,,,,,,,,,,,,,,,,,,,co-operative,,,,,,,,,,,,,,,,,,,,,,,,,,,,,,,,,,,,,,,,,,,,
node,10230035076,27.6319536,85.5139976,bank,,National Microfinance Lagubitta Bitiya Sanstha Limited,,,Pulbazzar,,,,,,,,,,,,,,,,,,,,,,microfinance,,,,,,,,,,,,,,,,,,,,,,,,,,,,,,,,,,,,,,,,,,,,
node,10230035077,27.6323041,85.5137722,bank,,Garud Savings And Credit Co-Operative Ltd,,,Pulbazzar,,,11662034,,,,,,,,,,,,,,,,,,,co-operative,,,,,,,,,,,,,,,,,,,,,,,,,,,,,,,,,,,,,,,,,,,,
node,10230035078,27.6323533,85.5120779,bank,,Shree Dakshikali Savings And Credit Co-Operative Ltd,,,Pulbazzar,,,,,,,,,,,,,,,,,,,,,,co-operative,,,,,,,,,,,,,,,,,,,,,,,,,,,,,,,,,,,,,,,,,,,,
node,10230035079,27.6326067,85.5132587,bank,,Um Savings And Credit Co-Operative Ltd,,,Pulbazzar,,,11401091,,,,,,,,,,,,,,,,,,,co-operative,,,,,,,,,,,,,,,,,,,,,,,,,,,,,,,,,,,,,,,,,,,,
node,10230035080,27.6324958,85.5141601,bank,,Shusiddhi Savings And Credit Co-Operative Ltd,,,Pulbazzar,,,11691125,,,,,,,,,,,,,,,,,,,co-operative,,,,,,,,,,,,,,,,,,,,,,,,,,,,,,,,,,,,,,,,,,,,
node,10230035081,27.6317709,85.5186303,bank,,Sasradhara Dugdh Utpadak Sahakari Sanstha Ltd,,,Tindobato,,,,,,,,,,,,,,,,,,,,,,co-operative,,,,,,,,,,,,,,,,,,,,,,,,,,,,,,,,,,,,,,,,,,,,
node,10230035082,27.6322234,85.5151535,bank,,Bpw Laghubitta Bittiya Sanstha Ltd,,,Pulbazar,,,,,,,,,,,,,,,,,,,,,,microfinance,,,,,,,,,,,,,,,,,,,,,,,,,,,,,,,,,,,,,,,,,,,,
node,10230035083,27.631216,85.5178636,bank,,Nmb Bank,,,Pulbazar,,,,,,,,,,,,,,,,,,,,,,development,,,,,,,,,,,,,,,,,,,,,,,,,,,,,,,,,,,,,,,,,,,,
node,10230035084,27.6335284,85.5174077,bank,,Basuki United Consumers Cooperative Ltd,,,Pulbazar,,,,,,,,,,वासुकी उपभोक्ता सहकारी ltd,,,,,,,,,,,,co-operative,,,,,,,,,,,,,,,,,,,,,,,,,,,,,,,,,,,,,,,,,,,,
node,10230035086,27.6277622,85.5223921,bank,,Arpan Saving And Credit Cooperative Ltd,,,Godamchok,,,,,,,,,,,,,,,,,,,,,,co-operative,,,,,,,,,,,,,,,,,,,,,,,,,,,,,,,,,,,,,,,,,,,,
node,10230035087,27.6288638,85.5286135,bank,,Swoheet Saving And Credit Cooperative Ltd,,,,,,11660211,,,,,,,,,,,,,,,,,,,co-operative,,,,,,,,,,,,,,,,,,,,,,,,,,,,,,,,,,,,,,,,,,,,
node,10230035088,27.6288812,85.5301088,bank,,Samridda Kavre Krishi Sahakari Sanstha Ltd,,,,,,11663375,,,,,,,,,,,,,,,,,,,co-operative,,,,,,,,,,,,,,,,,,,,,,,,,,,,,,,,,,,,,,,,,,,,
node,10230035089,27.6298851,85.5253734,bank,,Reliance Finance Limited,,,,,,,,,,,,,,,,,,,,,,,,,finance,,,,,,,,,,,,,,,,,,,,,,,,,,,,,,,,,,,,,,,,,,,,
node,10230035090,27.6310243,85.5238756,bank,,Hitaisi Saving And Credit Cooperative,,,,,,11691254,,,,,,,,,,,,,,,,,,,co-operative,,,,,,,,,,,,,,,,,,,,,,,,,,,,,,,,,,,,,,,,,,,,
node,10230035091,27.6317697,85.517591,bank,,Icfc Finance Limited,,,Pulbazzar,,,,,,,,,,,,,,,,,,,,,,finance,,,,,,,,,,,,,,,,,,,,,,,,,,,,,,,,,,,,,,,,,,,,
node,10230035092,27.6320678,85.5165447,bank,,Bishworupa Savings And Credit Co-Operative Ltd,,,Pulbazzar,,,11665514,,,,,,,,,,,,,,,,,,,co-operative,,,,,,,,,,,,,,,,,,,,,,,,,,,,,,,,,,,,,,,,,,,,
node,10230035093,27.6322218,85.5154083,bank,,Bajrabahari Savings And Credit Co-Operative Ltd,,,Pulbazzar,,,,,,,,,,,,,,,,,,,,,,co-operative,,,,,,,,,,,,,,,,,,,,,,,,,,,,,,,,,,,,,,,,,,,,
node,10230035094,27.6310562,85.5165024,bank,,Sumarga Savings And Credit Co-Operative Ltd,,,Punyashwor marga,,,11663043,,,,,,,,,,,,,,,,,,,co-operative,,,,,,,,,,,,,,,,,,,,,,,,,,,,,,,,,,,,,,,,,,,,
node,10230035095,27.6311841,85.5179399,bank,,Annapurna Savings And Credit Co-Operative Ltd,,,Teendobato,,,16636509,,,,,,,,,,,,,,,,,,,co-operative,,,,,,,,,,,,,,,,,,,,,,,,,,,,,,,,,,,,,,,,,,,,
node,10230035096,27.6311687,85.51795,bank,,Peoples Saving And Credit Co-Operative Ltd,,,Teendobato,,,11665507,,,,,,,,,,,,,,,,,,,co-operative,,,,,,,,,,,,,,,,,,,,,,,,,,,,,,,,,,,,,,,,,,,,
node,10230035097,27.6311338,85.5181859,bank,,Upakar Savings And Credit Co-Operative Ltd,,,Buspark,,,11660865,,,,,,,,,,,,,,,,,,,co-operative,,,,,,,,,,,,,,,,,,,,,,,,,,,,,,,,,,,,,,,,,,,,
node,10230035098,27.6309182,85.5178742,bank,,Agni Savings And Credit Co-Operative Ltd,,,Sinagal,,,11663523,,,,,,,,,,,,,,,,,,,co-operative,,,,,,,,,,,,,,,,,,,,,,,,,,,,,,,,,,,,,,,,,,,,
node,10230035099,27.6307736,85.5181424,bank,,Prabhu Savings And Credit Co-Operative Ltd,,,Sinagal,,,11665329,,,,,,,,,,,,,,,,,,,co-operative,,,,,,,,,,,,,,,,,,,,,,,,,,,,,,,,,,,,,,,,,,,,
node,10230035100,27.6294147,85.5197445,bank,,Millennium Savings And Credit Co-Operative Ltd,,,Buspark,,,11662442,,,,,,,,,,,,,,,,,,,co-operative,,,,,,,,,,,,,,,,,,,,,,,,,,,,,,,,,,,,,,,,,,,,
node,10230035101,27.6305863,85.5210032,bank,,Panas Savings And Credit Co-Operative Ltd,,,Buspark,,,11661035,,,,,,,,,,,,,,,,,,,co-operative,,,,,,,,,,,,,,,,,,,,,,,,,,,,,,,,,,,,,,,,,,,,
node,10230035102,27.6305364,85.5210689,bank,,Alfa Savings And Credit Co-Operative Ltd,,,Buspark,,,11662734,,,,,,,,,,,,,,,,,,,co-operative,,,,,,,,,,,,,,,,,,,,,,,,,,,,,,,,,,,,,,,,,,,,
node,10230035103,27.6304135,85.5216375,bank,,Shiladevi Agriculture Co-Operative Ltd,,,Buspark,,,,,,,,,,,,,,,,,,,,,,co-operative,,,,,,,,,,,,,,,,,,,,,,,,,,,,,,,,,,,,,,,,,,,,
node,10230035104,27.6310924,85.5206658,bank,,Nawa Jaluke Samudyik Bachat Tatha Rid Sahakari Sanstha Limited,,,Chadani Chowk,,,11660044,,,,,,,,,,,,,,,,,,,co-operative,,,,,,,,,,,,,,,,,,,,,,,,,,,,,,,,,,,,,,,,,,,,
node,10230035105,27.6317299,85.5203606,bank,,Unity Savings And Credit Co-Operative Ltd,,,Chaitanya road,,,,,,,,,,,,,,,,,,,,,,co-operative,,,,,,,,,,,,,,,,,,,,,,,,,,,,,,,,,,,,,,,,,,,,
node,10230035106,27.6321024,85.5204664,bank,,Memorial Savings & Credit Co-Operative Ltd,,,Chaitanya road,,,11660648,,,,,,,,,,,,,,,,,,,co-operative,,,,,,,,,,,,,,,,,,,,,,,,,,,,,,,,,,,,,,,,,,,,
node,10230035107,27.632266,85.5204393,bank,,Araniko Bachat Tatha Rid Sahakari Sanstha Limited,,,Layeku,,,11664409,,,,,,,,,,,,,,,,,,,co-operative,,,,,,,,,,,,,,,,,,,,,,,,,,,,,,,,,,,,,,,,,,,,
node,10230035108,27.6363496,85.5167071,bank,,Sangam Nari Chetana Bahuudashya Sahakari Sanstha Limited,,,Naya Basti,,,,,,,,,,,,,,,,,,,,,,co-operative,,,,,,,,,,,,,,,,,,,,,,,,,,,,,,,,,,,,,,,,,,,,
node,10230035109,27.6341555,85.5180779,bank,,Shree Mandan Agriculture Co-Operative Ltd,,,Karuna Marga,,,11660393,,,,,,,,,,,,,,,,,,,co-operative,,,,,,,,,,,,,,,,,,,,,,,,,,,,,,,,,,,,,,,,,,,,
node,10230035110,27.6338442,85.5184533,bank,,Saunepadheri Savings And Credit Co-Operative Ltd,,,Karuna Marga,,,11660193,,,,,,,,,,,,,,,,,,,co-operative,,,,,,,,,,,,,,,,,,,,,,,,,,,,,,,,,,,,,,,,,,,,
node,10230035112,27.6335367,85.5174645,bank,,Star Saving And Credit Co-Operative Ltd.,,,Pulbazzar,,,11660135,,,,,,,,,,,,,,,,,,,co-operative,,,,,,,,,,,,,,,,,,,,,,,,,,,,,,,,,,,,,,,,,,,,
node,10230035113,27.6318909,85.524655,bank,,Samajik Multipurpose Co-Oerative Ltd.,,,Ghatale,,,011-665420,,,,,,,,,,,,,,,,,,,co-operative,,,,,,,,,,,,,,,,,,,,,,,,,,,,,,,,,,,,,,,,,,,,
node,10230035114,27.6313925,85.5239088,bank,,Premier Saving Ans Credit Co-Operative Ltd.,,,Woku,,,011-660676,,,,,,,,,,,,,,,,,,,co-operative,,,,,,,,,,,,,,,,,,,,,,,,,,,,,,,,,,,,,,,,,,,,
node,10230035115,27.6310393,85.5246118,bank,,Ime,,,Woku,,,,,,,,,,,,,,,,,,,,,,,,,,,,,,,,,,,,,,,,,,,,,,,,,,,,,,,,,,,,,,,,,,
node,10230035116,27.6307731,85.5254873,bank,,Ugratara Saving And Credit Cooperative Ltd.,,,,,,11664027,,,,,,,,,,,,,,,,,,,co-operative,,,,,,,,,,,,,,,,,,,,,,,,,,,,,,,,,,,,,,,,,,,,
node,10230035117,27.6305307,85.5274417,bank,,Ajima Sacos,,,Bhimsensthan,,,,,,,,,,,,,,,,,,,,,,co-operative,,,,,,,,,,,,,,,,,,,,,,,,,,,,,,,,,,,,,,,,,,,,
node,10230035120,27.6271945,85.5236906,bank,,Laxmi Mahila Saving & Credit Co-Operative Society Ltd.,,,,,,11660060,,,,,,,,,,,,,,,,,,,co-operative,,,,,,,,,,,,,,,,,,,,,,,,,,,,,,,,,,,,,,,,,,,,
node,10230035121,27.6313634,85.5226631,bank,,Sunaulo Bihani Saving And Credit Co-Operative Ltd.,,,,,,,,,,,,,,,,,,,,,,,,,co-operative,,,,,,,,,,,,,,,,,,,,,,,,,,,,,,,,,,,,,,,,,,,,
node,10230035122,27.6298411,85.5235746,bank,,Saksham Saving And Credit Co-Operative Ltf,,,Chardobato,,,11685900,,,,,,,,,,,,,sakshamsaccos@gmail.com,,,,,,co-operative,,,,,,,,,,,,,,,,,,,,,,,,,,,,,,,,,,,,,,,,,,,,
node,10230035123,27.6278318,85.5223661,bank,,Adarsha Laghubitta Bittiya Sanstha Ltd.,,,Godam Chowk,,,,,,,,,,,,,,,,,,,,,,microfinance,,,,,,,,,,,,,,,,,,,,,,,,,,,,,,,,,,,,,,,,,,,,
node,10230035125,27.6280662,85.5232624,bank,,Samriddha Nepal Agricultural Co-Operative Ltd,,,Godam Chowk,,,11421080,,,,,,,,,,,,,samriddhabanepa01@gmail.com,,,,,,co-operative,www.samriddhacooperative.com.np,,,,,,,,,,,,,,,,,,,,,,,,,,,,,,,,,,,,,,,,,,,
node,10230035126,27.6271109,85.5238424,bank,,Gaunle Saving & Credit Cooperative Society Ltd,,,Godamchowk,,,11664117,,,,,,,,,,,,,gaunlesaccos57@gmail.com,,,,,,co-operative,,,,,,,,,,,,,,,,,,,,,,,,,,,,,,,,,,,,,,,,,,,,
node,10230035127,27.6268975,85.5238953,bank,,Joyti Multi-Purpose Cooperative Society Limited,,,Godamchowk,,,11660494,,,,,,,,,,,,,,,,,,,co-operative,www.joyticoop.com.np,,,,,,,,,,,,,,,,,,,,,,,,,,,,,,,,,,,,,,,,,,,
node,10230035128,27.6300429,85.5285775,bank,,Nepal Buddha Bachat Tatha Sahakari Sanstha,,,,,,11660670,,,,,,,,,,,,,,,,,,,co-operative,,,,,,,,,,,,,,,,,,,,,,,,,,,,,,,,,,,,,,,,,,,,
node,10230035129,27.6293518,85.5285261,bank,,Upakar Bachat Tatha Sahakari Sanstha,,,Tarkari bazzar,,,11660793,,,,,,,,,,,,,,,,,,,co-operative,,,,,,,,,,,,,,,,,,,,,,,,,,,,,,,,,,,,,,,,,,,,
node,10230035130,27.6294785,85.5237643,bank,,Mega Bank,,,Chardobato,,Su-Fr 09:00-17:00,,,,,,,,,,,,,,,,,,,,,,,,,,,,,,,,,,,,,,,,,,,,,,,,,,,,,,,,,,,,,,,,
node,10230035131,27.6292169,85.527165,bank,,Um Saving & Credit Co-Operative Ltd.,,,Tarkari Bazzar,,Su-Fr 09:00-17:00,11662758,,,,,,,,,,,,,info@umsaccos.coop.np,,,,,,co-operative,www.umsaccos.coop.np,,,,,,,,,,,,,,,,,,,,,,,,,,,,,,,,,,,,,,,,,,,
node,10230035133,27.6526462,85.5103949,bank,,Dumo Saving And Credit Cooperative Society,,,Nala,,Su-Fr 09:00-16:00,011-411013,,,,,,,,,,,,,,,,,,,co-operative,,,,,,,,,,,,,,,,,,,,,,,,,,,,,,,,,,,,,,,,,,,,
node,10230035134,27.6686553,85.5106897,bank,,Shree Swet Adarsha Multipurpose Cooperative Society Limited,,,Nala,,Su-Fr 09:00-17:00,16213331,,,,,,,,,,,,,,,,,,,co-operative,,,,,,,,,,,,,,,,,,,,,,,,,,,,,,,,,,,,,,,,,,,,
node,10230035135,27.657311,85.5023973,bank,,Jiwansakti Jadibuti Sahakari Sanstha Limited,,,Nala,,Su-Fr 09:00-17:00,97410118820,,,,,,,,,,,,,,,,,,,co-operative,,,,,,,,,,,,,,,,,,,,,,,,,,,,,,,,,,,,,,,,,,,,
node,10230035136,27.6551841,85.5052718,bank,,Budhol Samudyaik Bachat Tathaa Sarkari Sanstha Limited,,,Nala,,Su-Fr 09:00-17:00,011-411192,,,,,,,,,,,,,,,,,,,co-operative,,,,,,,,,,,,,,,,,,,,,,,,,,,,,,,,,,,,,,,,,,,,
node,10230035137,27.6545502,85.5061213,bank,,Nagiripur Bachat Tathaa Sarkari Sanstha,,,Nala,,Su-Fr 09:00-17:00,,,,,,,,,,,,,,,,,,,,co-operative,,,,,,,,,,,,,,,,,,,,,,,,,,,,,,,,,,,,,,,,,,,,
node,10230035138,27.6573827,85.5169783,bank,,Jyoti Bahuudeshihii Sahakari Sanstha Limited,,,"Nala,Shera",,Su-Fr 09:00-16:00,011-660494,,,,,,,,,,,,,Info@jyoticoop.np,,,,,,co-operative,,,,,,,,,,,,,,,,,,,,,,,,,,,,,,,,,,,,,,,,,,,,
node,10230035139,27.653559,85.5110138,bank,,Shree Bhagwati Bachat Tathaa Sahakari Sanstha,,,Nala,,Su-Fr 09:00-16:00,,,,,,,,,,,,,,,,,,,,co-operative,,,,,,,,,,,,,,,,,,,,,,,,,,,,,,,,,,,,,,,,,,,,
node,10230035140,27.6279479,85.5234513,bank,,Kavrepalanchok District Multipurpose Cooperative Ltd,,,Godamchok,,Su-Fr 10:00-17:00,11660928,,,,,,,,,,,,,,,,,,,co-operative,,,,,,,,,,,,,,,,,,,,,,,,,,,,,,,,,,,,,,,,,,,,
node,10230035141,27.6277317,85.5334348,bank,,Budol Samudayik Credit And Cooperative,,,Budol,,Su-Fr 10:00-17:00,011-660564,,,,,,,,,,,,,,,,,,,co-operative,Www.budol.coop.np,,,,,,,,,,,,,,,,,,,,,,,,,,,,,,,,,,,,,,,,,,,
node,10230035142,27.613585,85.4930053,bank,,Samudayak Bachat Tatha Rin Sahakari Sanstha Ltd,,,Basdol,,Su-Fr 10:00-17:00,011-441216,,,,,,,,,,,,,,,,,,,co-operative,,,,,,,,,,,,,,,,,,,,,,,,,,,,,,,,,,,,,,,,,,,,
node,10230035143,27.6130593,85.4932005,bank,,Shree Basdol Samudayik Multipurpose Cooperative Ltd.,,,Basdol,,Su-Fr 10:00-17:00,011-663797,,,,,,,,,,,,,,,,,,,co-operative,,,,,,,,,,,,,,,,,,,,,,,,,,,,,,,,,,,,,,,,,,,,
node,10230035144,27.6314413,85.5184626,bank,,Aabhash Saving And Credit Cooperative Ltd,,,Tindobato,,Su-Fr 10:00-17:00,11661120,,,,,,,,,,,,,,,,,,,co-operative,,,,,,,,,,,,,,,,,,,,,,,,,,,,,,,,,,,,,,,,,,,,
node,10230035145,27.6317273,85.5172454,bank,,Sashwot Saving And Credit Cooperative Ltd,,,Pulbazar,,Su-Fr 10:00-17:00,11680194,,,,,,,,,,,,,,,,,,,co-operative,,,,,,,,,,,,,,,,,,,,,,,,,,,,,,,,,,,,,,,,,,,,
node,10230035146,27.6312161,85.5197028,bank,,Rudrakshya Multipurpose Cooperative Ltd,,,,,Su-Fr 10:00-17:00,11661990,,,,,,,,,,,,,,,,,,,co-operative,,,,,,,,,,,,,,,,,,,,,,,,,,,,,,,,,,,,,,,,,,,,
node,10230035147,27.6313818,85.5188808,bank,,Namaste Saving And Credit Cooperative Ltd,,,Tindobato,,Su-Fr 10:00-17:00,11664755,,,,,,,,,,,,,,,,,,,co-operative,,,,,,,,,,,,,,,,,,,,,,,,,,,,,,,,,,,,,,,,,,,,
node,10230035148,27.6313258,85.5188607,bank,,Shramik Janautthan Saving And Credit Cooperative Ltd,,,Tindobato,,Su-Fr 10:00-17:00,,,,,,,,,,,,,,,,,,,,co-operative,,,,,,,,,,,,,,,,,,,,,,,,,,,,,,,,,,,,,,,,,,,,
node,10230035149,27.6334212,85.5182292,bank,,Rupantaran Saving And Credit Cooperative Ltd,,,Karuna Marga,,Su-Fr 10:00-17:00,11663076,,,,,,,,,,,,,,,,,,,co-operative,,,,,,,,,,,,,,,,,,,,,,,,,,,,,,,,,,,,,,,,,,,,
node,10230035150,27.631491,85.5184692,bank,,Chadani Saving And Credit Cooperative Ltd,,,Tindobato,,Su-Fr 10:00-17:00,,,,,,,,,,,,,,,,,,,,co-operative,,,,,,,,,,,,,,,,,,,,,,,,,,,,,,,,,,,,,,,,,,,,
node,10230035151,27.6318495,85.5166454,bank,,Mirmire Laghubitta Bittiya Sanstha Ltd,,,Pulbazar,,Su-Fr 10:00-17:00,11662311,,,,,,,,,,,,,,,,,,,microfinance,,,,,,,,,,,,,,,,,,,,,,,,,,,,,,,,,,,,,,,,,,,,
node,10230035152,27.6313765,85.5172699,bank,,Manjushree Saving And Credit Cooperative Ltd,,,Tindobato,,Su-Fr 10:00-17:00,11660635,,,,,,,,,,,,,,,,,,,co-operative,,,,,,,,,,,,,,,,,,,,,,,,,,,,,,,,,,,,,,,,,,,,
node,10230035153,27.630858,85.5178865,bank,,Karuna Saving And Credit Cooperative Ltd,,,Tindobato,,Su-Fr 10:00-17:00,11663655,,,,,,,,,,,,,,,,,,,co-operative,,,,,,,,,,,,,,,,,,,,,,,,,,,,,,,,,,,,,,,,,,,,
node,10230035154,27.6308338,85.5178616,bank,,Agni Saving And Credit Coooerative Ltd,,,Tindobato,,Su-Fr 10:00-17:00,11663523,,,,,,,,,,,,,,,,,,,co-operative,,,,,,,,,,,,,,,,,,,,,,,,,,,,,,,,,,,,,,,,,,,,
node,10230035155,27.630391,85.5216861,bank,,Newa Pucha Saving And Credit Cooperative Ltd,,,Buspark,,Su-Fr 10:00-17:00,11664612,,,,,,,,,,,,,,,,,,,co-operative,,,,,,,,,,,,,,,,,,,,,,,,,,,,,,,,,,,,,,,,,,,,
node,10230035156,27.6303447,85.5216894,bank,,Jhigu Bhintuna Saving And Credit Cooperative Ltd,,,Buspark,,Su-Fr 10:00-17:00,11661052,,,,,,,,,,,,,,,,,,,co-operative,,,,,,,,,,,,,,,,,,,,,,,,,,,,,,,,,,,,,,,,,,,,
node,10230035157,27.6320939,85.5204032,bank,,Shree Mandala Saving And Credit Cooperative Ltd,,,Chaitanya Road,,Su-Fr 10:00-17:00,11660244,,,,,,,,,,,,,,,,,,,co-operative,,,,,,,,,,,,,,,,,,,,,,,,,,,,,,,,,,,,,,,,,,,,
node,10230035158,27.6321355,85.520371,bank,,Siddhartha Saving And Credit Cooperative Ltd,,,Chaitanya Road,,Su-Fr 10:00-17:00,11662309,,,,,,,,,,,,,,,,,,,co-operative,,,,,,,,,,,,,,,,,,,,,,,,,,,,,,,,,,,,,,,,,,,,
node,10230035159,27.6330757,85.5158277,bank,,Sugandha Saving And Credit Cooperative Ltd,,,Pulbazar,,Su-Fr 10:00-17:00,11664020,,,,,,,,,,,,,,,,,,,co-operative,,,,,,,,,,,,,,,,,,,,,,,,,,,,,,,,,,,,,,,,,,,,
node,10230035160,27.6276465,85.5233474,bank,,Jyoi Mirmire Samuhik Saving And Credit Cooperative Ltd,,,Godam Chok,,Su-Fr 10:00-17:00,11662266,,,,,,,,,,,,,,,,,,,co-operative,,,,,,,,,,,,,,,,,,,,,,,,,,,,,,,,,,,,,,,,,,,,
node,10230035161,27.6309263,85.523115,bank,,Shree Swostik Saving And Credit Cooperative Ltd,,,,,Su-Fr 10:00-17:00,11661577,,,,,,,,,,,,,,,,,,,co-operative,,,,,,,,,,,,,,,,,,,,,,,,,,,,,,,,,,,,,,,,,,,,
node,10230035162,27.6309768,85.5231082,bank,,Shree Kathu Ganesh Saving And Credit Cooperative Ltd,,,,,Su-Fr 10:00-17:00,11661515,,,,,,,,,,,,,,,,,,,co-operative,,,,,,,,,,,,,,,,,,,,,,,,,,,,,,,,,,,,,,,,,,,,
node,10230035163,27.6310881,85.5231048,bank,,Ugratara Multipurpose Cooperative Ltd,,,,,Su-Fr 10:00-17:00,11660439,,,,,,,,,,,,,,,,,,,co-operative,,,,,,,,,,,,,,,,,,,,,,,,,,,,,,,,,,,,,,,,,,,,
node,10230035164,27.6310084,85.5220374,bank,,Sumeru Saving And Credit Cooperative Ltd,,,Chadani Chok,,Su-Fr 10:00-17:00,11663006,,,,,,,,,,,,,,,,,,,co-operative,,,,,,,,,,,,,,,,,,,,,,,,,,,,,,,,,,,,,,,,,,,,
node,10230035165,27.6306726,85.5219686,bank,,Samudayik Saving And Credit Cooperative Ltd,,,Chadani Chok,,Su-Fr 10:00-17:00,11440286,,,,,,,,,,,,,,,,,,,co-operative,,,,,,,,,,,,,,,,,,,,,,,,,,,,,,,,,,,,,,,,,,,,
node,10230035166,27.6301351,85.5236362,bank,,Sugandha Saving And Credit Cooperative Ltd,,,Chardobato,,Su-Fr 10:00-17:00,11411247,,,,,,,,,,,,,,,,,,,co-operative,,,,,,,,,,,,,,,,,,,,,,,,,,,,,,,,,,,,,,,,,,,,
node,10230035167,27.6301975,85.5221125,bank,,Reliance Saving And Credit Cooperative Ltd,,,Buspark,,Su-Fr 10:00-17:00,11663418,,,,,,,,,,,,,,,,,,,co-operative,,,,,,,,,,,,,,,,,,,,,,,,,,,,,,,,,,,,,,,,,,,,
node,10230035168,27.6302047,85.5218995,bank,,Rojina Saving And Credit Cooperative Ltd,,,Buspark,,Su-Fr 10:00-17:00,11665393,,,,,,,,,,,,,,,,,,,co-operative,,,,,,,,,,,,,,,,,,,,,,,,,,,,,,,,,,,,,,,,,,,,
node,10230035169,27.6282888,85.5233677,bank,,Himkali Samajsewa Saving And Credit Cooperative Ltd,,,Panauti Road,,Su-Fr 10:00-17:00,11661031,,,,,,,,,,,,,,,,,,,co-operative,,,,,,,,,,,,,,,,,,,,,,,,,,,,,,,,,,,,,,,,,,,,
node,10230035170,27.6284735,85.5234507,bank,,Model Saving And Credit Cooperative Ltd,,,,,Su-Fr 10:00-17:00,11660866,,,,,,,,,,,,,,,,,,,co-operative,,,,,,,,,,,,,,,,,,,,,,,,,,,,,,,,,,,,,,,,,,,,
node,10230035171,27.6290741,85.5236712,bank,,Bindhabasini Saving And Credit Cooperative Ltd,,,Chardobato,,Su-Fr 10:00-17:00,11661955,,,,,,,,,,,,,,,,,,,co-operative,,,,,,,,,,,,,,,,,,,,,,,,,,,,,,,,,,,,,,,,,,,,
node,10230035172,27.6294939,85.5237281,bank,,Budol Samudayik Saving And Credit Cooperative Ltd,,,Chardobato,,Su-Fr 10:00-17:00,11660364,,,,,,,,,,,,,,,,,,,co-operative,,,,,,,,,,,,,,,,,,,,,,,,,,,,,,,,,,,,,,,,,,,,
node,10230035173,27.6296835,85.5249011,bank,,Kshetrapal Mahankal Multipurpose Cooperative Ltd.,,,,,Su-Fr 10:00-17:00,11663120,,,,,,,,,,,,,,,,,,,co-operative,,,,,,,,,,,,,,,,,,,,,,,,,,,,,,,,,,,,,,,,,,,,
node,10230035174,27.6297333,85.524916,bank,,Jyoti Bikash Bank,,,,,Su-Fr 10:00-17:00,,,,,,,,,,,,,,,,,,,,development,,,,,,,,,,,,,,,,,,,,,,,,,,,,,,,,,,,,,,,,,,,,
node,10230035175,27.6296392,85.525064,bank,,Nepal Credit And Commerce Bank Ltd,,,,,Su-Fr 10:00-17:00,,,,,,,,,,,,,,,,,,,,,,,,,,,,,,,,,,,,,,,,,,,,,,,,,,,,,,,,,,,,,,,,
node,10230035176,27.6296304,85.5264615,bank,,Swarna Laxmi Saving And Credit Cooperative Ltd,,,,,Su-Fr 10:00-17:00,11661260,,,,,,,,,,,,,,,,,,,co-operative,,,,,,,,,,,,,,,,,,,,,,,,,,,,,,,,,,,,,,,,,,,,
node,10230035177,27.6313854,85.5243536,bank,,Nitya Chandeswori Multipurpose Cooperative,,,Ganesthan,,Su-Fr 10:00-17:00,11665485,,,,,,,,,,,,,,,,,,,co-operative,,,,,,,,,,,,,,,,,,,,,,,,,,,,,,,,,,,,,,,,,,,,
node,10230035178,27.6303851,85.5279922,bank,,Shree Jiwan Sudhar Krishi Sahakari Sanstha Ltd,,,Bhimsenthan,,Su-Fr 10:00-17:00,11660002,,,,,,,,,,,,,,,,,,,co-operative,,,,,,,,,,,,,,,,,,,,,,,,,,,,,,,,,,,,,,,,,,,,
node,10230035179,27.6174853,85.4930309,bank,,Shree Mahendra Jyoti Nari Saving And Credit Cooperative Society Ltd,,,Basdol,,Su-Fr 10:00-17:00,9849013399,,,,,,,,,,,,,,,,,,,co-operative,,,,,,,,,,,,,,,,,,,,,,,,,,,,,,,,,,,,,,,,,,,,
node,10230035180,27.6411091,85.4787474,bank,,Aafnai Bishwasilo Agricultural Co- Operative Ltd.,,,Sangha,,Su-Fr 10:00-17:00,,,,,,,,,,,,,,,,,,,,co-operative,,,,,,,,,,,,,,,,,,,,,,,,,,,,,,,,,,,,,,,,,,,,
node,10230035181,27.6283295,85.5325565,bank,,Panchakumari Multipurpose Co-Operative Ltd.,,,Budol,,Su-Fr 10:00-17:00,011-661662,,,,,,,,,,,,,,,,,,,co-operative,,,,,,,,,,,,,,,,,,,,,,,,,,,,,,,,,,,,,,,,,,,,
node,10230035182,27.6080496,85.4951344,bank,,Shree Jamuni Ganesh Saving& Credit Cooperative Ltd,,,Basdol,,Su-Fr 10:00-17:00,11691150,,,,,,,,,,,,,,,,,,,co-operative,,,,,,,,,,,,,,,,,,,,,,,,,,,,,,,,,,,,,,,,,,,,
node,10230035183,27.620679,85.4910769,bank,,Shree Jamuni Ganesh Saving & Credit Co-Operative Ltd,,,Basdol,,Su-Fr 10:00-17:00,011-691150,,,,,,,,,,,,,,,,,,,co-operative,,,,,,,,,,,,,,,,,,,,,,,,,,,,,,,,,,,,,,,,,,,,
node,10230035184,27.6410168,85.4790836,bank,,Civil Laghubitta Bittiya Sanastha Limited,,,,,Su-Fr 10:00-17:00,,,,,,,,,,,,,,,,,,,,co-operative,,,,,,,,,,,,,,,,,,,,,,,,,,,,,,,,,,,,,,,,,,,,
node,10230035185,27.6408582,85.4796064,bank,,Suryadaya Womi Lagubitta Bittiya Sanstha Limited,,,Sanga,,Su-Fr 10:00-17:00,011-663719,,,,,,,,,,,,,,,,,,,co-operative,,,,,,,,,,,,,,,,,,,,,,,,,,,,,,,,,,,,,,,,,,,,
node,10230035186,27.6407216,85.4801019,bank,,Rasayenik Maal Bikri Kendra,,,Sanga,,Su-Fr 10:00-17:00,11662484,,,,,,,,,,,,,,,,,,,co-operative,,,,,,,,,,,,,,,,,,,,,,,,,,,,,,,,,,,,,,,,,,,,
node,10230035187,27.6407465,85.479804,bank,,Shree Bhanjyang Multipurpose Co-Operative Society Ltd,,,Sanga,,Su-Fr 10:00-17:00,011-662458,,,,,,,,,,,,,,,,,,,co-operative,,,,,,,,,,,,,,,,,,,,,,,,,,,,,,,,,,,,,,,,,,,,
node,10230035188,27.6408693,85.4795833,bank,,Saksham Saving And Credit Cooperative Society Ltd,,,Sagha,,Su-Fr 10:00-17:00,11660050,,,,,,,,,,,,,Sakshamsanga@gmail.com,,,,,,co-operative,,,,,,,,,,,,,,,,,,,,,,,,,,,,,,,,,,,,,,,,,,,,
node,10230035189,27.6541809,85.5070714,bank,,Century Bank,,,Nala,,Su-Fr 10:00-17:00,,,,,,,,,,,,,,,,,,,,finance,,,,,,,,,,,,,,,,,,,,,,,,,,,,,,,,,,,,,,,,,,,,
node,10230035190,27.6560571,85.5036721,bank,,Samudayik Laghubitta Bittiya Sanstha Limited,,,Nala,,Su-Fr 10:00-17:00,011 411098,,,,,,,,,,,,,slbsnala@gmail.com,,,,,,co-operative,www.samudayikbank.com.np,,,,,,,,,,,,,,,,,,,,,,,,,,,,,,,,,,,,,,,,,,,
node,10230035191,27.6614158,85.5282594,bank,,Shree Gramin Vikas Multipurpose Cooperative Limited,,,Chautara,,Su-Fr 10:00-16:00,011-411100,,,,,,,,,,,,,,,,,,,co-operative,,,,,,,,,,,,,,,,,,,,,,,,,,,,,,,,,,,,,,,,,,,,
node,10230035192,27.6573395,85.5180388,bank,,Dynamic Yuwa Bachaat Tathaa Sahakari Sanstha Limited,,,"Nala,Shera",,Su-Fr 10:00-16:00,,,,,,,,,,,,,,,,,,,,co-operative,,,,,,,,,,,,,,,,,,,,,,,,,,,,,,,,,,,,,,,,,,,,
node,10230035193,27.6572367,85.5178383,bank,,National Cooperative Bank Limited,,,"Nala ,Shera",,Su-Fr 10:00-16:00,,,,,,,,,,,,,,,,,,,,co-operative,,,,,,,,,,,,,,,,,,,,,,,,,,,,,,,,,,,,,,,,,,,,
node,10230035194,27.6572538,85.5178315,bank,,Shree Mai Ugrachandi Sana Kishan Krishi Sahakari Sanstha Limted,,,"Shera,Nala",,Su-Fr 10:00-16:00,,,,,,,,,,,,,,,,,,,,co-operative,,,,,,,,,,,,,,,,,,,,,,,,,,,,,,,,,,,,,,,,,,,,
node,10230035195,27.6410742,85.4788418,bank,,Duruganesh Bachat Tatha Rin Sahakari Sanastha Limited,,,,,Su-Fr 10:00-17:00,11662391,,,,,,,,,,,,,,,,,,,co-operative,,,,,,,,,,,,,,,,,,,,,,,,,,,,,,,,,,,,,,,,,,,,
node,10235121939,27.6277966,85.5290797,bank,,Samata Gharelu Laghubitta Bitiyya Sanstha,,,Sangam tole,,,011-665436,,,,,,,,,,,,,,,,,,,,www.samata.org.np,,,,,,,,,,,,,,,,,,,,,,,,,,,,,,,,,,,,,,,,,,,
node,2048106966,27.6143611,85.53451,library,,Prakash Library,,,,,,,,,,,,,,,,,,,,,,,,,,,,,,,,,,,,,,,,,,,,,,,,,,,,,,,,,,,,,,,,,,,,,
node,1833834845,27.6283867,85.5242964,clinic,,Kavre Health Clinic,,,,,,,,,,,,,,,,,,,,,,,,,,,,,,,,,,,,,,,,,,,,,,,,,,,,,,,,,,,,,,,,,,,,,
node,3156343839,27.6299331,85.525507,clinic,,Baidhya Sher Bahadur Memorial Polyclinic (p) Ltd.,,,,,,,,,,,,,,,,,,,,,,,,,,,,,,,,,,,,,,,,,,,,,,,,,,,,,,,,,,,,,,,,,,,,,
node,10889516305,27.6303334,85.5235199,clinic,,CWC Polyclinic,,,,,,,,,,,,,,,,,,,,,,,,,,,,,,,,,,,,,,,,,,,,,,,,,,,,,,,,,,,,,,,,,,,,,
node,9960918472,27.635049,85.521867,social_facility,,yekata co operative,,,,,,,,,,,,,,,,,,,,,,,,food_bank,,,,,,,,,,,,,,,,,,,,,,,,,,,,,,,,,,,,,,,,,,,,,
node,3043848943,27.6337082,85.5190666,community_centre,,Layaku (लाय् कु) - 𑐮𑐵𑐫𑑂‌𑐎𑐸,,,,,,,,,,,,,,,,,,,,,,,,,,,,,,,,,,,,,,,,,,,,,,,,,,,,,,,,,,,,,,,,,,,,,
node,4765999653,27.666819,85.4902486,community_centre,,Emergency Equipments Stockpile,,,,,,,,,,,,,,,,,,,,,,,,,,,,,,,,,,,,,,,,,,,,,,,,,,,,,,,,,,,,,,,,,,,,,
node,10235132735,27.6668352,85.5107034,community_centre,,Leisure hall,,,,,,,,,,,,,,,,,,,,,,,,,,,,,,,,,,,,,,,,,,,,,,,,,,,,,,,,,,,,,,,,,,,,,
node,10235132743,27.6326587,85.4969617,community_centre,,Hall,,,Bhaisipati,,,,,,,,,,,,,,,,,,,,,,,,,,,,,,,,,,,,,,,,,,,,,,,,,,,,,,,,,,,,,,,,,,
node,10235132749,27.6328219,85.5240482,community_centre,,Yog Bhawan,,,,,,,,,,,,,,,,,,,,,,,,,,,,,,,,,,,,,,,,,,,,,,,,,,,,,,,,,,,,,,,,,,,,,
node,6516253063,27.6286694,85.5233085,cinema,,Shuvakamana Hall,,,,,,,,,,,,,,,,,,,,,,,,,,,,,,,,,,,,,,,,,,,,,,,,,,,,,,,,,,,,,,,,,,,,,
node,10235132747,27.632783,85.5145453,cinema,,Bamel Cinema,,,Poolbazzar,,,011660136,,,,,,,,,,,,,,,,,,,,,,,,,,,,,,,,,,,,,,,,,,,,,,,,,,,,,,,,,,,,,,,
node,1767253040,27.6367561,85.5246034,school,,नेपाल बनेपा पोलिटेक्निक संस्थान,,,,,,,,,Nepal Banepa Polytechnice institute,,,,नेपाल बनेपा पोलिटेक्निक संस्थान,,,,,,,,,,,,,,,,,,,,,,,,,,,,,,,,,,,,,,,,,,,,,,,,,,,,,,,,
node,1767319463,27.6323551,85.5200926,school,,चैतन्य उच्च माध्यमिक विद्यालय,,,,,,,,,Chaitanya Higher Secondary School,,,,चैतन्य उच्च माध्यमिक विद्यालय,,,,,,,,,,,,,,,,,Bankhyo-6,government,,,,,,,,,,,,,,,,,,,,,,,,,,,,,,,,,,,,,,
node,1768225328,27.6301874,85.5271823,school,,काभ्रे विद्यालय,,,,,,,,,Kavre School,,,,काभ्रे विद्यालय,,,,,,,,,,,,,,,,,,,,,,,,,,,,,,,,,,,,,,,,,,,,,,,,,,,,,,,,
node,1768227833,27.6305106,85.5257982,school,,प्रगति प्रभात एकेडेमी,,,Bhimsen Marga,,Su- Fr 09:30-16:00,11660257,,,Pragati Prabhat Academy,,,,प्रगति प्रभात एकेडेमी,,,,,,pragatiprabhatacademy@gmail.com,,,,,,,,,,,,,,,,,,,,,,,,,,,,,,,,,,,,,,,,,,,,,,,,,,
node,1768227841,27.6311997,85.5254496,school,,Innovative Academy,,,,,,,,,,,,,,,,,,,,,,,,,,,,,,,,,,,,,,,,,,,,,,,,,,,,,,,,,,,,,,,,,,,,,
node,1772139973,27.6297937,85.5344696,school,,काभ्रे उच्च माद्यमिक बिद्यालय,,,Budol M.,,,,,,Kavre Higher Secondary School,,,,काभ्रे उच्च माद्यमिक बिद्यालय,,,,,,,,,,,,,,,,,,,check,,,,,,,,,,,,,,,,,,,,,,,,,,,,,,,,,,,,,
node,1833834753,27.6345455,85.5164963,school,,ग्यानकुनज,,,,,,,,,Gyankunja,,,,ग्यानकुनज,,,,,,,,,,,,,,,,,,,,,,,,,,,,,,,,,,,,,,,,,,,,,,,,,,,,,,,,
node,1833834823,27.6318507,85.5251821,school,,ज्योति एकेडेमी,,,,,,,,,Jyoti Academy,,,,ज्योति एकेडेमी,,,,,,,,,,,,,,,,,,,,,,,,,,,,,,,,,,,,,,,,,,,,,,,,,,,,,,,,
node,1833834953,27.6305205,85.5286411,school,,Samata School,,,Bhimsensthan,,Su- Fr 09:30-16:00,11663118,,,Samata Sikshya Niketan,,,,,,,,,,just4u.pritamgans@gmail.com,,,,,,,,,,,,,,,,,,,,,,,,,,,,,,,,,,,,,,,,,,,,,,,,,,
node,1833834960,27.6314948,85.5277667,school,,श्री फुलचोकी नर्सिङ क्याम्पस,,,,,,,,,Shri Phulchoki Nursing Campus,,,,श्री फुलचोकी नर्सिङ क्याम्पस,,,,,,,,,,,,,,,,,,,,,,,,,,,,,,,,,,,,,,,,,,,,,,,,,,,,,,,,
node,1833834961,27.6333531,85.5171563,school,,सिद्धार्थ विद्यालय,,,,,,,,,Siddhartha School,,,,सिद्धार्थ विद्यालय,,,,,,,,,,,,,,,,,,,,,,,,,,,,,,,,,,,,,,,,,,,,,,,,,,,,,,,,
node,1833840823,27.6359597,85.5304031,school,,ट्रिगन एकेडेमी,,,,,,,,,Trigun Academy,,,,ट्रिगन एकेडेमी,,,,,,,,,,,,,,,,,,,,,,,,,,,,,,,,,,,,,,,,,,,,,,,,,,,,,,,,
node,2048106035,27.6143127,85.53262,school,,गोल्सिडेन सिद्धार्थ एकेडेमी,,,,,,,,,Golden Siddhartha Academy,,,,गोल्सिडेन सिद्धार्थ एकेडेमी,,,,,,,,,,,,,,,,,,,,,,,,,,,,,,,,,,,,,,,,,,,,,,,,,,,,,,,,
node,3485485698,27.6322042,85.5276755,school,,ईएसए मेमोरियल स्कूल,,,,,,,,,ESA Memorial School,,,,ईएसए मेमोरियल स्कूल,,,,,,,,,,,,,,,,,,,,,,,,,,,,,,,,,,,,,,,,,,,,,,,,,,,,,,,,
node,4469804590,27.6193915,85.5379062,school,, सूचना तथा सञ्चार विभाग,,,,,,,,,Department of Management Informatics and Communication,,,, सूचना तथा सञ्चार विभाग,,,,,,mic.som@ku.edu.np,,,,,,,https://web.ku.edu.np/domic,,,,,,,,,,,,,,,,,,,,,,,,,,,,,,,,,,,,,,,,,,,
node,4519068291,27.6308657,85.5268759,school,,काभ्रे उच्च माध्यमिक विद्यालय (बनेपा शाखा),,,,,,,,,Kavre Higher Secondary School (Banepa Wing),,,,काभ्रे उच्च माध्यमिक विद्यालय (बनेपा शाखा),,,,,,,,,,,,,,,,,,,,,,,,,,,,,,,,,,,,,,,,,,,,,,,,,,,,,,,,
node,4533687792,27.6323085,85.5144574,school,,राष्ट्रिय स्वास्थ्य संस्था,,,,,,,,,National health foundation,,,,राष्ट्रिय स्वास्थ्य संस्था,,,,,,,,,,,,,,,,,,,,,,,,,,,,,,,,,,,,,,,,,,,,,,,,,,,,,,,,
node,4538317790,27.6429374,85.4834913,school,,नेपाल प्रहरी विद्यालय,,,,,,,,,Nepal Police School,,,,नेपाल प्रहरी विद्यालय,,,,,,,,,,,,,,,,,,,,,,,,,,,,,,,,,,,,,,,,,,,,,,,,,,,,,,,,
node,4566817689,27.6390968,85.5170305,school,,बनेपा निष्ट स्कूल/कलेज,,,Bhaktapur-Nala-Banepa road,,,,,,Banepa NIST School/College,,45209,,बनेपा निष्ट स्कूल/कलेज,,,,,,,,,,,,,,,,,,,,,,,,,,,,,,,,,,,,,,,,,,,,,,,,,,,,,,,,
node,4595611790,27.6189173,85.5380309,school,,फार्मेसी विभाग,,,KU road,,,,,,Department of Pharmacy,,,12,फार्मेसी विभाग,,,,,,,,,,,,,,,,,,,,,,,,,,,,,,,,,,,,,,,,,,,,,,,,,,,,,,,,
node,4595626489,27.6192952,85.5393685,school,,Biotechnology building,,,KU road,,,,,,,,,,,,,,,,,,,,,,,,,,,,,,,,,,,,,,,,,,,,,,,,,,,,,,,,,,,,,,,,,,
node,4639101589,27.617463,85.53895,school,,परीक्षा नियन्त्रकको कार्यालय,,,KU road,,,,,,Office of Examination Controller,,,,परीक्षा नियन्त्रकको कार्यालय,,,,,,,,,,,,,,,,,,,,,,,,,,,,,,,,,,,,,,,,,,,,,,,,,,,,,,,,
node,4646996393,27.6352435,85.523101,school,,नेपाल बनेपा पोलिटेक्निक इन्स्टिच्युट (इन्जिनियरिङ कलेज),,,Rajdas Sadak,,Mo-Sa 10:00-16:00,,,,Nepal Banepa Polytechnic Institute (Engineering Collage),,,005,नेपाल बनेपा पोलिटेक्निक इन्स्टिच्युट (इन्जिनियरिङ कलेज),,,,,,,,,,,,,http://www.nbpi.edu.np,,,,,,,,,,,,,,,,,,,,,,,,,,,,,,,,,,,,,,,,,,,
node,4803688223,27.6247764,85.5493382,school,,श्री पञ्चकन्या प्राथमिक विद्यालय,,,,,,,,,Shri panchakanya primary school,,,,श्री पञ्चकन्या प्राथमिक विद्यालय,,,,,,,,,,,,,,,,,Cholamath-6,government,,,,,,,,,,,,,,,,,,,,,,,,,,,,,,,,,,,,,,
node,4804962824,27.6140274,85.5577064,school,,धुलिखेल हाई स्कूल,,Dhulikhel,,,,,,,Dhulikhel High School,,,07,धुलिखेल हाई स्कूल,,,,,,,,,,,,,,,,,,,,,,,,,,,,,,,,,,,,,,,,,,,,,,,,,,,,,,,,
node,4806919624,27.6254463,85.5480237,school,,हिमालय अन्तर्राष्ट्रिय बोर्डिंग स्कूल,,,,,,,,,Himalayan international boarding school,,,,हिमालय अन्तर्राष्ट्रिय बोर्डिंग स्कूल,,,,,,,,,,,,,,,,,,,,,,,,,,,,,,,,,,,,,,,,,,,,,,,,,,,,,,,,
node,4881216921,27.6135426,85.5353265,school,,श्रीखण्डपुर हाई स्कूल,,,,,Su-Fr 09:00-16:00,011661312,,,shrikhadpur high school,government,012,3,श्रीखण्डपुर हाई स्कूल,,,,,,,,,,,,,,,,,,,,,,,,,,,,,,,,,,,,,,,,,,,,,,,,,,,,,,,,
node,4996463224,27.6345043,85.5225556,school,,बनेपा प्राथमिक विद्यालय,,,,,,,,,Banepa Primary School,,,,बनेपा प्राथमिक विद्यालय,,,,,,,,,,,,,,,,,Bholakhatole-2,government,,,,,,,,,,,,,,,,,,,,,,,,,,,,,,,,,,,,,,
node,5002863299,27.6274184,85.5565303,school,,श्री कालिदेवी प्राथमिक विद्यालय,,,,,,,,,Shri Kalidevi Primary School,,,,श्री कालिदेवी प्राथमिक विद्यालय,,,,,,,,,,,,,,,,,Nayabasti-6,government,,,,,,,,,,,,,,,,,,,,,,,,,,,,,,,,,,,,,,
node,5002876135,27.6350964,85.5481415,school,,श्री मण्डली देवी प्राथमिक विद्यालय,,,,,,,,,Shri Mandali Devi Primary School,,,,श्री मण्डली देवी प्राथमिक विद्यालय,,,,,,,,,,,,,,,,,Kuttal-6,government,,,,,,,,,,,,,,,,,,,,,,,,,,,,,,,,,,,,,,
node,5002877114,27.6188852,85.5535289,school,,श्री हरि सिद्धि निम्न माध्यमिक विद्यालय,,,,,,,,,Shri Hari Siddhi Lower Secondary School,,,,श्री हरि सिद्धि निम्न माध्यमिक विद्यालय,,,,,,,,,,,,,,,,,Watole-2,government,,,,,,,,,,,,,,,,,,,,,,,,,,,,,,,,,,,,,,
node,5002881389,27.6160069,85.5346566,school,,श्री श्रीखण्डपुर प्राथमिक विद्यालय,,,,,,,,,Shri Srikhandapur Primary School,,,,श्री श्रीखण्डपुर प्राथमिक विद्यालय,,,,,,,,,,,,,,,,,Srikhandapur-8,government,,,,,,,,,,,,,,,,,,,,,,,,,,,,,,,,,,,,,,
node,5002894210,27.6221163,85.5380783,school,,श्री सेतीदेवी प्राथमिक विद्यालय,,,,,,,,,Shree Setidevi Primary School,,,,श्री सेतीदेवी प्राथमिक विद्यालय,,,,,,,,,,,,,,,,,Bakhundole-7,government,,,,,,,,,,,,,,,,,,,,,,,,,,,,,,,,,,,,,,
node,5002899341,27.6152573,85.5611758,school,,श्री बालमन्दिर निम्न माध्यमिक विद्यालय,,,,,,,,,Shri Balmandir Lower Secondary School,,,,श्री बालमन्दिर निम्न माध्यमिक विद्यालय,,,,,,,,,,,,,,,,,Addabazar-2,government,,,,,,,,,,,,,,,,,,,,,,,,,,,,,,,,,,,,,,
node,5002908883,27.6068238,85.5386889,school,,श्री श्रीखण्डपुर उच्च माध्यमिक विद्यालय,,,,,,,,,Shri Shrikhandapur Higher Secondary School,,,,श्री श्रीखण्डपुर उच्च माध्यमिक विद्यालय,,,,,,,,,,,,,,,,,Shrikhandapur-8,government,,,,,,,,,,,,,,,,,,,,,,,,,,,,,,,,,,,,,,
node,5002913411,27.6174872,85.551725,school,,श्री पूर्ण संजीवनी लङ्खानमाई उच्च माध्यमिक विद्यालय,,,,,,,,,Shri Purna Sanjiwani Lankhanamai Higher Secondary School,,,,श्री पूर्ण संजीवनी लङ्खानमाई उच्च माध्यमिक विद्यालय,,,,,,,,,,,,,,,,,Chhochhetole-5,government,,,,,,,,,,,,,,,,,,,,,,,,,,,,,,,,,,,,,,
node,5002915207,27.6213443,85.5557945,school,,ताशी छ्‍योलिङ् गोन्पा विद्यालय,,,,,,,,,Tashi Chhyoiling Gonpa School,,,,ताशी छ्‍योलिङ् गोन्पा विद्यालय,,,,,,,,,,,,,,,,,Naya Gaun-6,government,,,,,,,,,,,,,,,,,,,,,,,,,,,,,,,,,,,,,,
node,5006640747,27.602631,85.5616877,school,,नव ज्योति प्राथमिक विद्यालय,,,,,,,,,Nava Jyoti Primary School,,,,नव ज्योति प्राथमिक विद्यालय,,,,,,,,,,,,,,,,,Ranachhap-3,government,,,,,,,,,,,,,,,,,,,,,,,,,,,,,,,,,,,,,,
node,5009064866,27.6097118,85.494851,school,,पञ्चकन्या प्रा वी,,,,,,,,,Panchakanya Pra Vi,,,,पञ्चकन्या प्रा वी,,,,,,,,,,,,,,,,,Ganesh Sthan-5,government,,,,,,,,,,,,,,,,,,,,,,,,,,,,,,,,,,,,,,
node,5009071795,27.6104404,85.4843551,school,,चन्द्र ज्योति प्रा बि,,,,,,,,,Chandra Jyoti Pra Vi,,,,चन्द्र ज्योति प्रा बि,,,,,,,,,,,,,,,,,Baun Gaun-7,government,,,,,,,,,,,,,,,,,,,,,,,,,,,,,,,,,,,,,,
node,5009076786,27.6149259,85.4934159,school,,गणेश भारती मा बि,,,,,,,,,Ganesh Bharati Ma Vi,,,,गणेश भारती मा बि,,,,,,,,,,,,,,,,,Bansdole-1,government,,,,,,,,,,,,,,,,,,,,,,,,,,,,,,,,,,,,,,
node,5009084129,27.6234794,85.4839576,school,,बिद्या ज्योति प्रा. बि,,,,,,,,,Bidya Jyoti Pra Vi,,,,बिद्या ज्योति प्रा. बि,,,,,,,,,,,,,,,,,Naya Basti-1,government,,,,,,,,,,,,,,,,,,,,,,,,,,,,,,,,,,,,,,
node,5009300750,27.6677507,85.5277571,school,,Shree Arunodaya Pra V,,,,,,,,,,,,,,,,,,,,,,,,,,,,,,Chunatal-7,government,,,,,,,,,,,,,,,,,,,,,,,,,,,,,,,,,,,,,,
node,5009306164,27.6571077,85.5263913,school,,Shri Subha Chamunda Ma V,,,,,,,,,,,,,,,,,,,,,,,,,,,,,,Tushal-6,government,,,,,,,,,,,,,,,,,,,,,,,,,,,,,,,,,,,,,,
node,5009307580,27.650354,85.5357036,school,,Pravat Pra Vi,,,,,,,,,,,,,,,,,,,,,,,,,,,,,,Sumara-9,government,,,,,,,,,,,,,,,,,,,,,,,,,,,,,,,,,,,,,,
node,5009310567,27.6654206,85.5325686,school,,Nanda Devi Pra V,,,,,,,,,,,,,,,,,,,,,,,,,,,,,,Kankre-8,government,,,,,,,,,,,,,,,,,,,,,,,,,,,,,,,,,,,,,,
node,5009322662,27.654469,85.5413888,school,,Pema Chheilng Pra Vi,,,,,,,,,,,,,,,,,,,,,,,,,,,,,,Tan Chwok-9,government,,,,,,,,,,,,,,,,,,,,,,,,,,,,,,,,,,,,,,
node,5009326212,27.6522554,85.5100349,school,,Chandeshwari Uchha Ma V,,,,,,,,,,,,,,,,,,,,,,,,,,,,,,Yapa Tole-1,government,,,,,,,,,,,,,,,,,,,,,,,,,,,,,,,,,,,,,,
node,5009354968,27.6325569,85.4995604,school,,जनज्योति माध्यमिक विद्यालय,,,,,,,,,Janajyoti Secondary School,,,,जनज्योति माध्यमिक विद्यालय,,,,,,,,,,,,,,,,,Bahundanda - 8,government,,,,,,,,,,,,,,,,,,,,,,,,,,,,,,,,,,,,,,
node,5009354969,27.6094,85.5081,school,,सुन्दरी माई प्राथमिक विद्यालय,,,,,,,,,Shree Sundari Mai Primary School,,,,सुन्दरी माई प्राथमिक विद्यालय,,,,,,,,Salle - 5,,,,,,,,,,government,,panauti_municipality,bagmati,,,,,,,,,,,,,,,,,,,,,,,,,,,,,,,,,,,
node,5009354970,27.6448975,85.5069247,school,,धर्म ज्योति प्राथमिक विद्यालय,,,,,,,,,Dharma Jyoti Primary School,,,,धर्म ज्योति प्राथमिक विद्यालय,,,,,,,,,,,,,,,,,Thapagaon - 2,government,,,,,,,,,,,,,,,,,,,,,,,,,,,,,,,,,,,,,,
node,5010788304,27.6421216,85.4813264,school,,नेपाल प्रहरी उच्च माध्यमिक बोर्डिङ स्कुल,,,,,,,,,Nepal Police Higher Secondary Boarding School,,,NASHIKASTHAN SANGA,नेपाल प्रहरी उच्च माध्यमिक बोर्डिङ स्कुल,,,,,,,,,,educational_institution,,,,,,,Sanga-2,government,,,,ITS A POLICE SCHOOL,,,,,,,,,,,,,,,,,,,,,,,,,,,,,,,,,,
node,5010821090,27.6191927,85.5234268,school,,धनेश्वर महादेव प्रा. बि.,,,,,,,,,Shree Dhaneshwor Mahadev Basic School,,,,धनेश्वर महादेव प्रा. बि.,,,,,,,,,,,,,,,,,Dhaneshwor-2,government,,panauti_municipality,bagmati,,,,,,,,,,,,,,,,,,,,,,,,,,,,,,,,,,,
node,5013247222,27.6432013,85.5396347,school,,श्री गंगादेवी माध्यमिक विद्यालय,,,,,,,,,Shree Gangadevi Secondary School,,,,श्री गंगादेवी माध्यमिक विद्यालय,,,,,,,,,,,,,,,,,Opi-7,government,,,,,,,,,,,,,,,,,,,,,,,,,,,,,,,,,,,,,,
node,5021304222,27.6760522,85.4993021,school,,महानकल प्राथमिक विद्यालय,,,,,,,,,Mahankal Primary School,,,,महानकल प्राथमिक विद्यालय,,,,,,,,,,,,,,,,,Dulal Gaun-5,government,,,,,,,,,,,,,,,,,,,,,,,,,,,,,,,,,,,,,,
node,5021324844,27.6572951,85.4986276,school,,श्री इन्द्र शोभा देवी निम्न माध्यमिक विद्यालय,,,,,,,,,Shree Indra Shova Devi Lower Secondary School,,,,श्री इन्द्र शोभा देवी निम्न माध्यमिक विद्यालय,,,,,,,,,,,,,,,,,Tukucha-2,government,,,,,,,,,,,,,,,,,,,,,,,,,,,,,,,,,,,,,,
node,5021336706,27.6731607,85.5164054,school,,Shree Ratna Chundeshwor Secondary School,,,,,,,,,,,,,,,,,,,,,,,,,,,,,,,,,,,,,,,,,,,,,,,,,,,,,,,,,,,,,,,,,,,,,
node,5107724121,27.6291691,85.5192346,school,,लिन अन्तर्राष्ट्रिय बोर्डिङ स्कूल,,,Punyamati Marga,,Sun- Fr 09:30-16:00,11663778,,,Lin International Boarding School,,,,लिन अन्तर्राष्ट्रिय बोर्डिङ स्कूल,,,,,,,,,,,,,,,,,,,,,,,,,,,,,,,,,,,,,,,,,,,,,,,,,,,,,,,,
node,5153025022,27.6910272,85.4908454,school,,सरस्वती माध्यमिक विद्यालय,,,,,,,,,Saraswoti Secondary School,,,,सरस्वती माध्यमिक विद्यालय,,,,,,,,,,,,,,,,,,,,,,,,,,,,,,,,,,,,,,,,,,,,,,,,,,,,,,,,
node,5227840224,27.6153563,85.5614079,school,,बाल मन्दिर बिधालय,,,,,,,,,बाल मन्दिर बिधालय,,,,बाल मन्दिर बिधालय,,,,,,,,,,,,,,,,,,,,,,,,,,,,,,,,,,,,,,,,,,,,,,,,,,,,,,,,
node,5479582622,27.6787758,85.4776936,school,,आरक्षण राष्ट्रिय विद्यालय,,,sudal bus park,,Su-Fr 00:00-24:00,9841243750,,,Aarakshan national school,,1234,11,आरक्षण राष्ट्रिय विद्यालय,,,,,,,,,,,,,,,,,,,,,,,,,,,,,,,,,,,,,,,,,,,,,,,,,,,,,,,,
node,5686531010,27.6790884,85.5142503,school,,Swet Baraha uchha ma vi,,,,,,,,,,,,,,,,,,,,,,,,,,,,,,,,,,,,,,,,,,,,,,,,,,,,,,,,,,,,,,,,,,,,,
node,6516254698,27.6304335,85.5351033,school,,काभ्रे माध्यमिक विद्यालय,,,,,,011662038,,,Kabhre Secondary School,,,,काभ्रे माध्यमिक विद्यालय,,,,,,kabhresecondaryschool@gmail.com,,,,,,,,,,,,,,,,,,,,,,,,,,,,,,,,,,,,,,,,,,,,,,,,,,
node,6894961885,27.649556,85.5348755,school,,प्रभात आधारभूत विद्यालय,,,,,Su-Th 09:30-16:00; Fr 09:30-14:10,,,,Pravat basic school,,,,प्रभात आधारभूत विद्यालय,,,,,,,,,,,,,,,,,,,,,,,,,,,,,,,,,,,,,,,,,,,,,,,,,,,,,,,,
node,8353679017,27.6572334,85.4629083,school,,श्री देउजागाउँ आधारभूत विद्यालय,,,Araniko Highway,,Su-Fr 10:00-04:00,984-1042535,,,Shri DeujaGaun Basic School,,,,श्री देउजागाउँ आधारभूत विद्यालय,,,,,,deujagaunschool@gmail.com,,,,,,,,,,,,,,,,,,,,,,,,,,,,,,,,,,,,,,,,,,,,,,,,,,
node,9524047000,27.6095225,85.5375293,school,,श्री शेवत गणेश विद्यालय,,,,,,,,,shree shewt ganesh school,,,,श्री शेवत गणेश विद्यालय,,,,,,,,,,,,,,,,,,,,panauti_municipality,bagmati,,,,,,,,,,,,,,,,,,,,,,,,,,,,,,,,,,,
node,9524684234,27.6154216,85.5279149,school,,एसओएस चिल्ड्रेन ,,,,,,,,,SoS Children Village,,,,एसओएस चिल्ड्रेन ,,,,,,,,,,,,,,,,,,,,panauti_municipality,bagmati,,,,,,,,,,,,,,,,,,,,,,,,,,,,,,,,,,,
node,9524684235,27.6134024,85.5285571,school,,सान्तलम एकेडेमी,,,,,,,,,Santalum Academy,,,,सान्तलम एकेडेमी,,,,,,,,,,,,,,,,,,,,panauti_municipality,bagmati,,,,,,,,,,,,,,,,,,,,,,,,,,,,,,,,,,,
node,9958642497,27.6304897,85.5284888,school,,समता विद्यालय,,,,,,,,,Samata school,,,,समता विद्यालय,,,,,,,,,,,,,,,,,,,,,,,,,,,,,,,,,,,,,,,,,,,,,,,,,,,,,,,,
node,9960904375,27.6351916,85.519966,school,,बहिरा विद्यालय,,,,,,,,,Bahira school,,,,बहिरा विद्यालय,,,,,,,,,,,,,,,,,,,,,,,,,,,,,,,,,,,,,,,,,,,,,,,,,,,,,,,,
node,9960918477,27.6302234,85.5198151,school,,अर्किड स्कुल,,,,,,,,,Orchid school,,,,अर्किड स्कुल,,,,,,,,,,,,,,,,,,,,,,,,,,,,,,,,,,,,,,,,,,,,,,,,,,,,,,,,
node,9960922607,27.6361166,85.5241442,school,,एन.बी.पी.आई. शिक्षण ब्लक ए,,,,,,,,,NBPI teaching block A,,,,एन.बी.पी.आई. शिक्षण ब्लक ए,,,,,,,,,,,,,,,,,,,,,,,,,,,,,,,,,,,,,,,,,,,,,,,,,,,,,,,,
node,10229715394,27.630332,85.5429011,school,,श्री नैमिशरण्य संस्कृत गुरुकुलम,,,Gosaithan,,,011-491466,,,Shree Naimisharanya Sanskrit Gurukulam,,,,श्री नैमिशरण्य संस्कृत गुरुकुलम,,,,,,nsgurukul@gmail.com,,,,,,,,,,,,,,,,,,,,,,,,,,,,,,,,,,,,,,,,,,,,,,,,,,
node,10229715395,27.6137612,85.4930218,school,,नाइटिङ्गल एकेडेमी विद्यालय,,,"Mahendrajyoti, Bashdol",,,,,,Nightingale Academy School,,,,नाइटिङ्गल एकेडेमी विद्यालय,,,,,,,,,,,,,,,,,,,,,,,,,,,,,,,,,,,,,,,,,,,,,,,,,,,,,,,,
node,10229715396,27.6688236,85.5019459,school,,Shree Sapneswor Secondary School,,,Tukucha,,,,,,,,,,,,,,,,,,,,,,,,,,,,,,,,,,,,,,,,,,,,,,,,,,,,,,,,,,,,,,,,,,
node,10229715397,27.65642,85.5169086,school,,Lincoln International School,,,Shera,,,,,,,,,,,,,,,,,,,,,,,,,,,,,,,,,,,,,,,,,,,,,,,,,,,,,,,,,,,,,,,,,,
node,10229715398,27.6527455,85.5101027,school,,Shree Chandeswari Secondary School,,,Nala,,,,,,,,,,,,,,,,,,,,,,,,,,,,,,,,,,,,,,,,,,,,,,,,,,,,,,,,,,,,,,,,,,
node,10229715399,27.6410722,85.4788485,school,,ग्रेसल्याण्ड स्कूल,,,Sanga,,,11662931,,,Graceland School,,,,ग्रेसल्याण्ड स्कूल,,,,,,,,,,,,,,,,,,,,,,,,,,,,,,,,,,,,,,,,,,,,,,,,,,,,,,,,
node,10229715400,27.6406981,85.4808025,school,,साङ्गा अंग्रेजी माध्यमिक विद्यालय,,,Sanga,,,,,,Sanga English Medium Secondary School,,,,साङ्गा अंग्रेजी माध्यमिक विद्यालय,,,,,,,,,,,,,,,,,,,,,,,,,,,,,,,,,,,,,,,,,,,,,,,,,,,,,,,,
node,10229715401,27.6365677,85.4897754,school,,बिकटेश्वर अंग्रेजी माध्यमिक विद्यालय,,,Bhaisipati,,,,,,Bikateshwor English Secondary School,,,,बिकटेश्वर अंग्रेजी माध्यमिक विद्यालय,,,,,,,,,,,,,,,,,,,,,,,,,,,,,,,,,,,,,,,,,,,,,,,,,,,,,,,,
node,10229715402,27.6317242,85.5063763,school,,नाइटिङ्गल एकेडेमी,,,Janagal,,,11661771,,,Nightingale Academy,,,,नाइटिङ्गल एकेडेमी,,,,,,,,,,,,,,,,,,,,,,,,,,,,,,,,,,,,,,,,,,,,,,,,,,,,,,,,
node,10229715403,27.6233834,85.519966,school,,आदर्श विद्या मन्दिर (एबीएम) विद्यालय,,,,,,,,,Aadhrasha Vidhya Mandir (Abm) School,,,,आदर्श विद्या मन्दिर (एबीएम) विद्यालय,,,,,,,,,,,,,,,,,,,,,,,,,,,,,,,,,,,,,,,,,,,,,,,,,,,,,,,,
node,10229715404,27.6323118,85.50241,school,,बनेपा मोटर ड्राइभिङ इन्स्टिच्युट प्रा. लि.,,,Janagal,,,,,,Banepa Motor Driving Institute Pvt. Ltd.,,,,बनेपा मोटर ड्राइभिङ इन्स्टिच्युट प्रा. लि.,,,,,,,,,,,,,,,,,,,,,,,,,,,,,,,,,,,,,,,,,,,,,,,,,,,,,,,,
node,10229715405,27.636923,85.5131256,school,,नयाँ मोडेल एकेडेमी,,,Reshma Marg,,,011-665291,,,New Model Academy,,,,नयाँ मोडेल एकेडेमी,,,,,,,,,,,,,,,,,,,,,,,,,,,,,,,,,,,,,,,,,,,,,,,,,,,,,,,,
node,10229715406,27.6322398,85.5184738,school,,वाल वाटिका विद्या मन्दिर माध्यमिक विद्यालय,,,,,,011-661262,,,Val Vatika Vidhya Mandir Secondary School,,,,वाल वाटिका विद्या मन्दिर माध्यमिक विद्यालय,,,,,,,,,,,,,,,,,,,,,,,,,,,,,,,,,,,,,,,,,,,,,,,,,,,,,,,,
node,10229715407,27.6324499,85.5204269,school,,चैतन्य माध्यमिक विद्यालय,,,,,,011-661209,,,Chaitanya Secondary School,,,,चैतन्य माध्यमिक विद्यालय,,,,,,,,,,,,,,,,,,,,,,,,,,,,,,,,,,,,,,,,,,,,,,,,,,,,,,,,
node,10229715408,27.6325775,85.4965484,school,,श्रीसुङ्गावा माध्यमिक विद्यालय,,,Bhaisipati,,,,,,Shreesungava Secondary Boarding School,,,,श्रीसुङ्गावा माध्यमिक विद्यालय,,,,,,,,,,,,,,,,,,,,,,,,,,,,,,,,,,,,,,,,,,,,,,,,,,,,,,,,
node,10229715409,27.6321323,85.5112708,school,,युरोकिड्स प्रि-स्कूल,,,Pulbazzar,,,11663282,,,Eurokids Pre-School,,,,युरोकिड्स प्रि-स्कूल,,,,,,,,,,,,,,,,,,,,,,,,,,,,,,,,,,,,,,,,,,,,,,,,,,,,,,,,
node,10229715410,27.6315526,85.516254,school,,Paradise Training And Driving Centre,,,Pulbazar,,,,,,,,,,,,,,,,,,,,,,,,,,,,,,,,,,,,,,,,,,,,,,,,,,,,,,,,,,,,,,,,,,
node,10229715411,27.6353218,85.520181,school,,काभ्रे बहिरा विद्यालय,,,Budda Bihar,,,,,,Kavre Deaf School,,,,काभ्रे बहिरा विद्यालय,,,,,,,,,,,,,,,,,,,,,,,,,,,,,,,,,,,,,,,,,,,,,,,,,,,,,,,,
node,10229715412,27.61841,85.4604606,school,,Shree Jagriti Basic School,,,Aashapuri,,Su-Fr 09:00-16:00,,,,,,,,,,,,,,,,,,,,,,,,,,,,,,,,,,,,,,,,,,,,,,,,,,,,,,,,,,,,,,,,
node,10229715413,27.6362313,85.5302316,school,,क्र्याडल किड्स केयर र प्रि-स्कूल,,,,,Su-Fr 09:30-15:00,661297,,,Craddle Kids Care And Pre-School,,,,क्र्याडल किड्स केयर र प्रि-स्कूल,,,,,,,,,,,,,,,,,,,,,,,,,,,,,,,,,,,,,,,,,,,,,,,,,,,,,,,,
node,10229715414,27.6335729,85.516875,school,,बी. एम. के. ड्राइभिङ स्कुल,,,Pulbazar,,Su-Fr 06:00-18:00,9843567834,,,B.M.K. Driving School,,,,बी. एम. के. ड्राइभिङ स्कुल,,,,,,,,,,,,,,,,,,,,,,,,,,,,,,,,,,,,,,,,,,,,,,,,,,,,,,,,
node,10229715415,27.6295411,85.5206193,school,,रामभक्त स्मारक विद्यालय,,,Buspark,,Su-Fr 10:00-17:00,11661512,,,Ram Bhakta Memorial School,,,,रामभक्त स्मारक विद्यालय,,,,,,,,,,,,,,,,,,,,,,,,,,,,,,,,,,,,,,,,,,,,,,,,,,,,,,,,
node,10229715416,27.6311309,85.5220229,school,,श्री सरस्वती प्राथमिक विद्यालय,,,,,Su-Fr 10:00-17:00,,,,Shree Saraswoti Elementary School,,,,श्री सरस्वती प्राथमिक विद्यालय,,,,,,,,,,,,,,,,,,,,,,,,,,,,,,,,,,,,,,,,,,,,,,,,,,,,,,,,
node,10230034817,27.6339643,85.5189405,school,,शिक्षा सदन माध्यमिक विद्यालय,,,,,Su-Fr 10:00-16:00,,,,Siksha Sadan Secondary School,,,,शिक्षा सदन माध्यमिक विद्यालय,,,,,,,,,,,,,,,,,,,,,,,,,,,,,,,,,,,,,,,,,,,,,,,,,,,,,,,,
node,10230034818,27.6299861,85.5178126,school,,ज्योति एकेडेमी अंग्रेजी माध्यमिक विद्यालय,,,,,Su-Fr 10:00-16:00,11665317,,,Jyoti Academy English Secondary School,,,,ज्योति एकेडेमी अंग्रेजी माध्यमिक विद्यालय,,,,,,,,,,,,,,,,,,,,,,,,,,,,,,,,,,,,,,,,,,,,,,,,,,,,,,,,
node,10230034819,27.6341547,85.5228774,school,,बनेपा प्राथमिक विद्यालय,,,Bholakha Tole,,Su-Fr 10:00-16:00,11665471,,,Banepa Elementary School,,,,बनेपा प्राथमिक विद्यालय,,,,,,,,,,,,,,,,,,,,,,,,,,,,,,,,,,,,,,,,,,,,,,,,,,,,,,,,
node,10230034820,27.6328518,85.5242702,school,,ज्ञान सरोवर अंग्रेजी माध्यमिक विद्यालय,,,,,Su-Fr 10:00-16:00,11662041,,,Gyan Sarovar English Secondary School,,,,ज्ञान सरोवर अंग्रेजी माध्यमिक विद्यालय,,,,,,,,,,,,,,,,,,,,,,,,,,,,,,,,,,,,,,,,,,,,,,,,,,,,,,,,
node,10230034821,27.6345968,85.5274493,school,,हिमालय माध्यमिक विद्यालय,,,घोकेचहाुर,,Su-Fr 10:00-16:00,,,,Himalaya Secondary School,,,,हिमालय माध्यमिक विद्यालय,,,,,,,,,,,,,,,,,,,,,,,,,,,,,,,,,,,,,,,,,,,,,,,,,,,,,,,,
node,10230034822,27.6364489,85.4896466,school,,बिकटेश्वर अंग्रेजी माध्यमिक विद्यालय,,,Bhasiparty,,Su-Fr 10:00-16:00,11660975,,,Bikateshwor English Secondary School,,,,बिकटेश्वर अंग्रेजी माध्यमिक विद्यालय,,,,,,,,,,,,,,,,,,,,,,,,,,,,,,,,,,,,,,,,,,,,,,,,,,,,,,,,
node,6147290985,27.6322224,85.4974195,police,,Baghmati Zonal Police Headquarter,,,,,,,,,,नेपाल प्रहरी,,,बागमती अञ्चल  प्रहरी कार्यालय,,,,,,,,,,,,,,,,,,,,,,,,,,,,,,,,,,,,Nepal Police,नेपाल प्रहरी,Q12436070,,,,,,,,,,,,,,,,,,
node,9960916642,27.6315648,85.5177202,police,,police post banepa,,,,,,,,,,,,,,,,,,,,,,,,,,,,,,,,,,,,,,,,,,,,,,,,,,,,,,,,,,,,,,,,,,,,,
node,9960926870,27.6315394,85.5178349,police,,jilla trafic karyalaya,,,,,,,,,,,,,,,,,,,,,,,,,,,,,,,,,,,,,,,,,,,,,,,,,,,,,,,,,,,,,,,,,,,,,
node,10230034823,27.6490218,85.5108928,police,,"Police Station, Nala",,,,,,011-490202,,,,,,,,,,,,,,,,,,,,,,,,,,,,,,,,,,,,,,,,,,,,,,,,,,,,,,,,,,,,,,,
node,10230034825,27.6418459,85.4774941,police,,Prahari Bit Sagha,,,Sagha,,,9851282516,,,,,,,,,,,,,,,,,,,,,,,,,,,,,,,,,,,,,,,,,,,,,,,,,,,,,,,,,,,,,,,
node,10230034826,27.6317759,85.4970551,police,,Police Station,,,Pulbazar,,,,,,,,,,,,,,,,,,,,,,,,,,,,,,,,,,,,,,,,,,,,,,,,,,,,,,,,,,,,,,,,,,
node,10230034827,27.6317667,85.5153474,police,,District Traffic Check Post,,,,,,9851123804,,,,,,,,,,,,,,,,,,,,,,,,,,,,,,,,,,,,,,,,,,,,,,,,,,,,,,,,,,,,,,,
node,10230034828,27.6318205,85.5170737,police,,Police Station,,,Pulbazar,,,,,,,,,,,,,,,,,,,,,,,,,,,,,,,,,,,,,,,,,,,,,,,,,,,,,,,,,,,,,,,,,,
node,10230034829,27.6368514,85.5161284,police,,Area Police Office,,,Nayabasti,,24/7,11663085,,,,,,,,,,,,,,,,,,,,,,,,,,,,,,,,,,,,,,,,,,,,,,,,,,,,,,,,,,,,,,,
node,6802538986,27.6198682,85.5381273,college,,Block 10,,,,,,,,,Chinese Building,,,,,,,,,,,,,,,,,,,,,,,,,,,,,,,,,,,,,,,,,,,,,,,,,,,,,,,,,,,,
node,10171624600,27.6355853,85.5236212,college,,NBPI Practical Block,,,,,,,,,,,,,,,,,,,,,,,,,,,,,,,,,,,,,,,,,,,,,,,,,,,,,,,,,,,,,,,,,,,,,
node,10230034979,27.6307366,85.5256139,college,,People'S Multiple Campus,,,,,,11660757,,,,,,,,,,,,,,,,,,,,,,,,,,,,,,,,,,,,,,,,,,,,,,,,,,,,,,,,,,,,,,,
node,10230034980,27.6545135,85.5086677,college,,Spring Hill School,,,Nala,,Su-Fr 09:00-17:00,11411139,,,,,,,,,,,,,,,,,,,,,,,,,,,,,,,,,,,,,,,,,,,,,,,,,,,,,,,,,,,,,,,
node,10230034981,27.6314488,85.5253178,college,,Scheer Memorial Adventist Hospital Medical Institute College Of Nursing,,,Bhimsen Marga,,Su-Fr 08:00-17:00,11663581,,,,,,,शिर मेमोरियल अस्पताल नर्सिङ कलेज,,,,,,smhcon@yahoo.com,,,,,,,,,,,,,,,,,,,,,,,,,,,,,,,,,,,,,,,,,,,,,,,,,,
node,10230034982,27.6344848,85.5162412,college,,Gyankunj Shaikshik Pratisthan,,,Nayabasti,,Su-Fr 06:00-16:00,11663493,,,,,,,,,,,,,,,,,,,,,,,,,,,,,,,,,,,,,,,,,,,,,,,,,,,,,,,,,,,,,,,
node,1767445004,27.6296267,85.5237477,hospital,,Krishna Prasad Hospital,,,,,,,,,,,,,,,,,,,,,,,,,,,,,,,,,,,,,,,,,,,,,,,,,,,,,,,,,,,,,,,,,,,,,
node,9960940221,27.6306702,85.5215853,hospital,,banepa dentel,,,,,,,,,,,,,,,,,,,,,,,,,,,,,,,,,,,,,,,,,,,,,,,,,,,,,,,,,,,,,,,,,,,,,
node,10230034942,27.6538611,85.5113525,hospital,,Sadbhav Community Hospital,,,Nala,,,11411113,,,,,,,,,,,,,,,,,,,,,,,,,,,,,,,,,,,,,,,,,,,,,,,,,,,,,,,,,,,,,,,
node,10230034943,27.636392,85.492346,hospital,,Spinal Injury Rehabilitation Center,,,Bhaisipati,,,11663058,,,,,,,,,,,,,,,,,,,,,,,,,,,,,,,,,,,,,,,,,,,,,,,,,,,,,,,,,,,,,,,
node,10230034944,27.6325128,85.5090439,hospital,,Bhomi Hospital,,,Pulbazar,,,11665413,,,,,,,भोमि हस्पिटल,,,,,,,,,,,,,,,,,,,,,,,,,,,,,,,,,,,,,,,,,,,,,,,,,,,,,,,,
node,10230034945,27.6294156,85.5246921,hospital,,Krishna Prasad Hospital,,,Chardobato,,,11664332,,,,,,,,,,,,,,,,,,,,,,,,,,,,,,,,,,,,,,,,,,,,,,,,,,,,,,,,,,,,,,,
node,10230034946,27.6311524,85.5178761,hospital,,Merryland Heath Care,,,Teendobato,,,11665370,,,,,,,,,,,,,,,,,,,,,,,,,,,,,,,,,,,,,,,,,,,,,,,,,,,,,,,,,,,,,,,
node,10230034948,27.63342,85.5273593,hospital,,Scheer Memorial Hospital,,,Ghokechaur,,,11661111,,,,,,,,,,,,,,,,,,,,,,,,,,,,,,,,,,,,,,,,,,,,,,,,,,,,,,,,,,,,,,,
node,1833839894,27.6302214,85.52216,pharmacy,,Chandeswori Medical Shop,,,,,,,,,,,,,,,,,,,,,,,,,,,,,,,,,,,,,,,,,,,,,,,,,,,,,,,,,,,,,,,,,,,,,
node,3156329582,27.6289042,85.5278325,pharmacy,,Patanjali Chikitsataya Sewa Kendra,,,,,,,,,,,,,,,,,,,,,,,,,,,,,,,,,,,,,,,,,,,,,,,,,,,,,,,,,,,,,,,,,,,,,
node,9615164957,27.6283162,85.5323011,pharmacy,,Trienetra Medical,,,,,Su-Sa 7AM-8PM,9841004318,,,,,45210,,,,,,,,,,,,,,,,,,pharmacy,,,,,,,,,,,,,,,,,,,,,,,,,,,,yes,,,,,,,,,,,,
node,9960904377,27.6363666,85.5196991,pharmacy,,bhamashowari pharmacy,,,,,,,,,,,,,,,,,,,,,,,,,,,,,,,,,,,,,,,,,,,,,,,,,,,,,,,,,,,,,,,,,,,,,
node,9960917283,27.6316932,85.5241723,pharmacy,,abc health care,,,,,,,,,,,,,,,,,,,,,,,,,,,,,,,,,,,,,,,,,,,,,,,,,,,,,,,,,,,,,,,,,,,,,
node,9960932621,27.6322912,85.5227454,pharmacy,,Aaurved,,,,,,,,,,,,,,,,,,,,,,,,,,,,,,,,,,,,,,,,,,,,,,,,,,,,,,,,,,,,,,,,,,,,,
node,10230034891,27.6571228,85.5171162,pharmacy,,Ugrachandi Medical,,,Sera,,,"9849311400, 9841488342",,,,,,,,,,,,,,,,,,,,,,,,,,,,,,,,,,,,,,,,,,,,,,,,,,,,,,,,,,,,,,,
node,10230034892,27.6543382,85.5065742,pharmacy,,Rural Pharmacy,,,,,,16215466,,,,,,,,,,,,,,,,,,,,,,,,,,,,,,,,,,,,,,,,,,,,,,,,,,,,,,,,,,,,,,,
node,10230034893,27.6563512,85.5031296,pharmacy,,Nala Pharmacy,,,Nala,,,,,,,,,,,,,,,,,,,,,,,,,,,,,,,,,,,,,,,,,,,,,,,,,,,,,,,,,,,,,,,,,,
node,10230034894,27.6326056,85.4938172,pharmacy,,Ausadi Pasal,,,Bhaisipati,,,,,,,,,,औषधी पसल,,,,,,,,,,,,,,,,,,,,,,,,,,,,,,,,,,,,,,,,,,,,,,,,,,,,,,,,
node,10230034895,27.6415501,85.4798419,pharmacy,,Sanga Medical Center,,,Sanga,,,9849174350,,,,,,,,,,,,,,,,,,,,,,,,,,,,,,,,,,,,,,,,,,,,,,,,,,,,,,,,,,,,,,,
node,10230034896,27.6415535,85.4798353,pharmacy,,Ram Medical Hall,,,Sanga,,,9841573672,,,,,,,,,,,,,,,,,,,,,,,,,,,,,,,,,,,,,,,,,,,,,,,,,,,,,,,,,,,,,,,
node,10230034897,27.6316483,85.497885,pharmacy,,Curex Pharmaceutical Pvt. Ltd.,,,Janagal,,,,,,,,,,,,,,,,,,,,,,,,,,,,,,,,,,,,,,,,,,,,,,,,,,,,,,,,,,,,,,,,,,
node,10230034898,27.6322205,85.5184616,pharmacy,,Gautam Pharma,,,,,,9841006896,,,,,,,,,,,,,,,,,,,,,,,,,,,,,,,,,,,,,,,,,,,,,,,,,,,,,,,,,,,,,,,
node,10230034899,27.6414766,85.4798376,pharmacy,,Ram Medical Hall,,,Saga,,,9841563672,,,,,,,,,,,,,,,,,,,,,,,,,,,,,,,,,,,,,,,,,,,,,,,,,,,,,,,,,,,,,,,
node,10230034900,27.6366965,85.4923458,pharmacy,,Chamunda Medical Hall,,,Bhaisipati,,,9841488295,,,,,,,,,,,,,,,,,,,,,,,,,,,,,,,,,,,,,,,,,,,,,,,,,,,,,,,,,,,,,,,
node,10230034901,27.6314702,85.5184566,pharmacy,,Aarogyata Medical,,,Tindobato,,,,,,,,,,,,,,,,,,,,,,,,,,,,,,,,,,,,,,,,,,,,,,,,,,,,,,,,,,,,,,,,,,
node,10230034902,27.6426914,85.5140125,pharmacy,,Naya Pharmacy,,,Karunamarga,,,,,,,,,,नयाँ फार्मेसी,,,,,,,,,,,,,,,,,,,,,,,,,,,,,,,,,,,,,,,,,,,,,,,,,,,,,,,,
node,10230034903,27.6274268,85.5209723,pharmacy,,Mediserve Health Care,,,Godamchok,,,11665411,,,,,,,,,,,,,,,,,,,,,,,,,,,,,,,,,,,,,,,,,,,,,,,,,,,,,,,,,,,,,,,
node,10230034904,27.6291673,85.527143,pharmacy,,Xeno Banepa Pharmacy,,,Tarkaribazar,,,11660932,,,,,,,,,,,,,,,,,,,,,,,,,,,,,,,,,,,,,,,,,,,,,,,,,,,,,,,,,,,,,,,
node,10230034905,27.6325746,85.5186467,pharmacy,,Seer Imaging & Diagnostic Centre Banepa Pvt. Ltd,,,Teendobato,,,11665390,,,,,,,,,,,,,,,,,,,,,,,,,,,,,,,,,,,,,,,,,,,,,,,,,,,,,,,,,,,,,,,
node,10230034906,27.6335739,85.5272134,pharmacy,,Namaste Medical Shop,,,Ghokechaur,,,9849746614,,,,,,,,,,,,,,,,,,,,,,,,,,,,,,,,,,,,,,,,,,,,,,,,,,,,,,,,,,,,,,,
node,10230034907,27.6311808,85.5229774,pharmacy,,A. Homoeo Pharmacy,,,Banepa,,,9808140093,,,,,,,,,,,,,,,,,,,,,,,,,,,,,,,,,,,,,,,,,,,,,,,,,,,,,,,,,,,,,,,
node,10230034908,27.6278826,85.5227175,pharmacy,,Niko Medical Hall,,,Godam Chowk,,,11664094,,,,,,,,,,,,,,,,,,,,,,,,,,,,,,,,,,,,,,,,,,,,,,,,,,,,,,,,,,,,,,,
node,10230034909,27.6326999,85.5220339,pharmacy,,Chirayu Pharmacy,,,Teendhare,,,,,,,,,,चिरायु फार्मेसी,,,,,,,,,,,,,,,,,,,,,,,,,,,,,,,,,,,,,,,,,,,,,,,,,,,,,,,,
node,10230034910,27.6317592,85.5242469,pharmacy,,Ganesthan Medical Hall,,,Chandeswori marga,,,9803054862,,,,,,,,,,,,,,,,,,,,,,,,,,,,,,,,,,,,,,,,,,,,,,,,,,,,,,,,,,,,,,,
node,10230034911,27.6301839,85.5248007,pharmacy,,Samjhana Homeo Pharmacy,,,Chardobato,,Mo-Su 09:00-17:00,9841321604,,,,,,,,,,,,,,,,,,,,,,,,,,,,,,,,,,,,,,,,,,,,,,,,,,,,,,,,,,,,,,,
node,10230034912,27.6317711,85.5235195,pharmacy,,Janta Paharmacy,,,Woku,,Mo-Su 08:00-20:00,9841455876,,,,,,,,,,,,,,,,,,,,,,,,,,,,,,,,,,,,,,,,,,,,,,,,,,,,,,,,,,,,,,,
node,10230034913,27.6371783,85.5131183,pharmacy,,Prayush Pharmacy,,,,,Mo-Su 08:00-20:00,9851167687,,,,,,,,,,,,,,,,,,,,,,,,,,,,,,,,,,,,,,,,,,,,,,,,,,,,,,,,,,,,,,,
node,10230034914,27.6347364,85.5277451,pharmacy,,Bishes Pharmacy,,,,,Mo-Su 07:00-20:00,104631838,,,,,,,बिसेस फारमेस,,,,,,,,,,,,,,,,,,,,,,,,,,,,,,,,,,,,,,,,,,,,,,,,,,,,,,,,
node,10230034915,27.6537322,85.5108232,pharmacy,,Cichi Medical Hall,,,Nala,,Mo-Su 07:00-20:00,011-411082,,,,,,,,,,,,,,,,,,,,,,,,,,,,,,,,,,,,,,,,,,,,,,,,,,,,,,,,,,,,,,,
node,10230034916,27.6320231,85.513886,pharmacy,,Shivam Pharmacy,,,Phoolbajar,,Mo-Su 07:00-20:00,9801000086,,,,,,,,,,,,,,,,,,,,,,,,,,,,,,,,,,,,,,,,,,,,,,,,,,,,,,,,,,,,,,,
node,10230034917,27.634103,85.5232294,pharmacy,,Sahaj Pharmacy,,,Ganeshthan Chowk,,Mo-Su 06:00-21:00,11665540,,,,,,,सहज फार्मेसी,,,,,,,,,,,,,,,,,,,,,,,,,,,,,,,,,,,,,,,,,,,,,,,,,,,,,,,,
node,10230034918,27.6345668,85.5176736,pharmacy,,Subidha Pharmacy,,,Karunamarga,,Mo-Su 06:00-20:00,9841251149,,,,,,,,,,,,,,,,,,,,,,,,,,,,,,,,,,,,,,,,,,,,,,,,,,,,,,,,,,,,,,,
node,10230034919,27.6320062,85.5007679,pharmacy,,Janagal Pharmacy,,,Janagal,,,9841708083,,,,,,,,,,,,,,,,,,,,,,,,,,,,,,,,,,,,,,,,,,,,,,,,,,,,,,,,,,,,,,,
node,10230034920,27.6275723,85.5235337,pharmacy,,Door'S Care Pharmacy,,,Godamchok,,Mo-Su 10:00-17:01,11662851,,,,,,,,,,,,,,,,,,,,,,,,,,,,,,,,,,,,,,,,,,,,,,,,,,,,,,,,,,,,,,,
node,10230034921,27.6417843,85.477956,pharmacy,,Joshi Medical,,,Sanga,,Mo-Su 10:00-17:00,9841331812,,,,,,,,,,,,,,,,,,,,,,,,,,,,,,,,,,,,,,,,,,,,,,,,,,,,,,,,,,,,,,,
node,2194091453,27.6293874,85.5208616,post_office,,post,,,,,,,,,,,,,,,,,,,,,,,,,,,,,,,,,,,,,,,,,,,,,,,,,,,,,,,,,,,kirshna prasad niwas,,,,,,,,,,
node,3043772840,27.6302934,85.5201668,post_office,,Banepa Post Office,,,,,,,,,,,,,,,,,,,,,,,,,,,,,,,,,,,,,,,,,,,,,,,,,,,,,,,,,,,,,,,,,,,,,
node,2194054485,27.6234509,85.5523126,parking,,Mirabel car Park,,,,,,,,,,,,,,,,,,,,,,,,,,,,,,,,,,,,,,,,,,,,,,,,,,,,,,,,,,,,10,,,,,,,,,
node,1833834932,27.6287337,85.5236108,restaurant,,Newa Kitchen,,,,,,,,,,,,,,,,,,,,,,,,,,,,,,,,,,,,,,,,,,,,,,,,,,,,,,,,,,,,,,,,,,,,,
node,1833834933,27.6299286,85.5258609,restaurant,,Newari Khaja Ghar,,,,,,,,,,,,,,,,,,,,,,,,,,,,,,,,,,,,,,,,,,,,,,,,,,,,,,,,,,,,,,,,,,,,,
node,1833834987,27.6290159,85.5275079,restaurant,,Welcome,,,,,,,,,,,,,,,,,,,,,,,,,,,,,,,,,,,,,,,,,,,,,,,,,,,,,,,,,,,,,,,,,,,,,
node,2609135712,27.6185695,85.5501989,restaurant,,kokas resturant and guest house,,,,,,,,,,,,,,,,,,,,,,,,,,,,,,,,,,,,,,,,,,,,,,,,,,,,,,,,,,,,,,,,,,,,,
node,3156329577,27.6287236,85.529364,restaurant,,Hotel Ugrachandi And Restaurant,,,,,,,,,,,,,,,,,,,,,,,,,,,,,,,,,,,,,,,,,,,,,,,,,,,,,,,,,,,,,,,,,,,,,
node,3156329578,27.6285963,85.531445,restaurant,,Black and White Hotel,,,,,,,,,,,,,,,,,,,,,,,,,,,,,,,,,,,,,,,,,,,,,,,,,,,,,,,,,,,,,,,,,,,,,
node,3156329580,27.6292749,85.5283046,restaurant,,Family Food Cafe,,,,,,,,,,,,,,,,,,,,,,,,,,,,,,,,,,,,,,,,,,,,,,,,,,,,,,,,,,,,,,,,,,,,,
node,3156329585,27.6289327,85.5277869,restaurant,,TNC Restaurant,,,,,,,,,,,,,,,,,,,,,,,,,,,,,,,,,,,,,,,,,,,,,,,,,,,,,,,,,,,,,,,,,,,,,
node,4706188991,27.6916437,85.4971994,restaurant,,Bojinee Nagarkot Resort Pvt Ltd,,,,wlan,24/7,+977-1-5145238,,,Bojini Nagarkot Resort,,,,,,,,,,bojineenagarkot@gmail.com,,,,,,,https://www.bojineeresort.com/,,,,,,,,,,,,,,,,,,,,,,,,,,,,,,,,,,,,,,,,,,,
node,4765990899,27.6676647,85.4801551,restaurant,,Bala Lunch House,,,,,,,,,,,,,,,,,,,,,,,,,,,,,,,,,,,,,,,,,,,,,,,,,,,,,,,,,,,,,,,,,,,,,
node,5152860022,27.6304648,85.520468,restaurant,,chandeshwori gift shop,,,,,,,,,VIP Thakali Vanchha Ghar and Coffee House,,,,,,,,,,,,,,,,,,,,,,,,,,,,,,,,,,,,,,,,,,,,,,,,,gift,,,,,,,,,,,
node,9372208872,27.621922,85.5392182,restaurant,,Paleti,,,,,,,,,,,,,,,,,,,,,,,,,,,,,,,,,,,,,,,,,,,,,,,,,,,,,,,,,,,,,,,,,,,,,
node,9372256625,27.6219214,85.538614,restaurant,,Bishal Cafe,,,,,,,,,,,,,,,,,,,,,,,,,,,,,,,,,,,,,,,,,,,,,,,,,,,,,,,,,,,,,,,,,,,,,
node,9530414895,27.624406,85.5411474,restaurant,,Shawarma Station,,,,,,,,,,,,,,,,,,,,,,,,,,,,,,,,,,,,,,,,,,,,,,,,,,,,,,,,,,,,,,,,,,,,,
node,9557616819,27.628065,85.5333949,restaurant,,Mandro Restro & Thakali Restaurant,,,,,,,,,,,,,,,,,,,,,,,,,,,,,,,,,,,,,,,,,,,,,,,,,,,,,,,,,,,,,,,,,,,,,
node,9557617417,27.6309048,85.5210114,restaurant,,Chicken Station,,,,,,,,,,,,,,,,,,,,,,,,,,,,,,,,,,,,,,,,,,,,,,,,,,,,,,,,,,,,,,,,,,,,,
node,9597192207,27.617116,85.5343513,restaurant,,thomba pasal,,,,,,,,,,,,,,,,,,,,,,,,,,,,,,,,,,,,,,,,,,,,,,,,,,,,,,,,,,,,,,,,,,,,,
node,9597192729,27.6160721,85.5397171,restaurant,,chamena griha,,,,,,,,,,,,,,,,,,,,,,,,,,,,,,,,,,,,,,,,,,,,,,,,,,,,,,,,,,,,,,,,,,,,,
node,9597209767,27.6244583,85.5411682,restaurant,,mithai pasal,,,,,,,,,,,,,,,,,,,,,,,,,,,,,,,,,,,,,,,,,,,,,,,,,,,,,,,,,,,,,,,,,,,,,
node,9784655278,27.6361505,85.529597,restaurant,,Sopu Hitti Receptions and Events,Field Survey,,,,,,,,Sopu Hitti Receptions and Events,,,,सोपु हिटि रिसेप्शन तथा ईभेन्टस्,,,,,,,,9841907840,trigunacademy@gmail.com,,,,,,,,,,,,,,,,,,,,,,,,,,,,,,,,,,,,,,,,,,,,,,,
node,9960908968,27.630972,85.5209222,restaurant,,vip thakali restaurant,,,,,,,,,,,,,,,,,,,,,,,,,,,,,,,,,,,,,,,,,,,,,,,,,,,,,,,,,,,,,,,,,,,,,
node,9960910715,27.6309793,85.5205172,restaurant,,vip thakali returant banepa,,,,,,,,,,,,,,,,,,,,,,,,,,,,,,,,,,,,,,,,,,,,,,,,,,,,,,,,,,,,,,,,,,,,,
node,9960917285,27.6333013,85.5238411,restaurant,,kayastha Party Place,,,,,,9851077910,,,,,,,,,,,,,,,,,,,,,,,,,,,,,,,,,,,,,,,,,,,,,,,,,,,,,,,,,,,,,,,
node,9960922606,27.6352991,85.5221781,restaurant,,sunita khaja ghar,,,,,,,,,,,,,,,,,,,,,,,,,,,,,,,,,,,,,,,,,,,,,,,,,,,,,,,,,,,,,,,,,,,,,
node,9960932619,27.6330313,85.5182695,restaurant,,monlam pizza,,,,,,,,,,,,,,,,,,,,,,,,,,,,,,,,,,,,,,,,,,,,,,,,,,,,,,,,,,,,,,,,,,,,,
node,9960940220,27.6306844,85.5214807,restaurant,asian,burger house,,,,,,,,,,,,,,,,,,,,,,,,,,,,,,,,,,,,,,,,,,,,,,,,,,,,,,,,,,,,,,,,,,,,,
node,10005734378,27.6323929,85.4930044,restaurant,,Highway Fishing Resort,,,,,,,,,,,,,,,,,,,,,,,,,,,,,,,,,,,,,,,,,,,,,,,,,,,,,,,,,,,,,,,,,,,,,
node,10889516005,27.6202767,85.5533939,restaurant,,The Burger House & Crunchy Fried Chicken,,,,,,,,,,,,,,,,,,,,,,,,,,,,,,,,,,,,,,,,,,,,,,,,,,,,,,,,,,,,,,,,,,,,,
node,10889516105,27.6417839,85.4773957,restaurant,,The Burger House & Crunchy Fried Chicken,,,,,,,,,,,,,,,,,,,,,,,,,,,,,,,,,,,,,,,,,,,,,,,,,,,,,,,,,,,,,,,,,,,,,
node,10889516205,27.6201677,85.553375,restaurant,,Fire n Wood Pizza,,,,,,,,,,,,,,,,,,,,,,,,,,,,,,,,,,,,,,,,,,,,,,,,,,,,,,,,,,,,,,,,,,,,,
node,10889581105,27.6427191,85.4697143,restaurant,,Daura Chulo,,,,,,,,,,,,,,,,,,,,,,,,,,,,,,,,,,,,,,,,,,,,,,,,,,,,,,,,,,,,,,,,,,,,,
node,10943772558,27.6175157,85.5383089,restaurant,,Anisha bhansa ghar,,,,,Mo-Su 09:00-21:00,,,,,,,,,,,,,,,,,,,,,,,,,,,,,,,,,,,,,,,,,,,,,,,,,,,,,,,,,,,,,,,,
node,1833834929,27.6299642,85.5232868,atm,,Nepal Investment Bank,,,,,Mo-Su 07:00-20:00,,,,,NIBL,,,,,,,,,,,,,,,,,,,,,,,,,,,,,,,,,,,,,,,,,,,,,,,,,,,,,,,,,,,
